ts_ms,ax,ay,az,gx,gy,gz,mx,my,mz
4,9.725247,0.895431,-0.354342,-0.012657,0.004663,0.006795,-28.045431,46.342449,32.244747
57,9.818622,0.861913,-0.256180,-0.015588,0.001199,0.002132,-30.145090,44.542744,33.444553
110,9.763555,0.864307,-0.383072,-0.016254,0.003864,0.003198,-29.845139,46.792377,31.794821
164,9.763555,0.895431,-0.337582,-0.008127,0.000533,0.001865,-29.395212,46.192474,32.394722
217,9.718064,0.888249,-0.349553,-0.017453,0.007194,0.002132,-30.145090,46.942352,33.444553
271,9.835381,0.828394,-0.349553,-0.018119,0.002265,0.006129,-28.195406,44.992672,33.444553
325,9.775525,0.873884,-0.325611,-0.012657,0.006528,0.001466,-29.395212,45.442596,31.644844
379,9.785102,0.960075,-0.332794,-0.009992,0.005329,0.003997,-29.395212,46.642403,32.394722
433,9.792285,0.859518,-0.354342,-0.016654,0.004130,0.000266,-27.745480,46.642403,32.394722
487,9.761160,0.902614,-0.325611,-0.013456,0.008127,0.004397,-28.795309,45.592571,32.544697
541,9.749189,0.902614,-0.347159,-0.013590,0.002132,0.004663,-29.095261,46.042500,32.544697
595,9.775525,0.876278,-0.354342,-0.010792,0.002398,0.004930,-29.845139,45.142647,32.544697
649,9.768343,0.883460,-0.323217,-0.009992,0.008527,0.002798,-29.545187,45.592571,31.494869
703,9.753978,0.905008,-0.342371,-0.013057,0.005063,-0.000533,-28.195406,45.742550,32.394722
756,9.742006,0.907402,-0.342371,-0.013057,0.005995,0.003198,-28.195406,47.392281,33.144600
808,9.753978,0.861913,-0.349553,-0.015721,0.004663,0.004796,-28.345383,46.342449,33.294575
861,9.787497,0.864307,-0.311246,-0.014789,0.006795,0.002665,-29.395212,46.942352,32.394722
913,9.725247,0.871489,-0.337582,-0.015855,0.003730,0.007461,-29.395212,46.642403,31.644844
966,9.732430,0.943315,-0.325611,-0.012657,0.007861,-0.000266,-28.195406,44.542744,32.394722
1018,9.756371,0.890643,-0.339977,-0.016920,0.007594,0.003597,-30.145090,46.942352,32.394722
1071,9.737218,0.840365,-0.323217,-0.007994,0.004663,0.006262,-28.495358,46.942352,32.694675
1123,9.789890,0.881066,-0.330400,-0.013057,0.002798,0.001199,-27.745480,46.192474,31.194918
1176,9.806650,0.866701,-0.347159,-0.011058,0.003997,0.008793,-28.945284,44.992672,32.394722
1229,9.780313,0.873884,-0.368707,-0.013057,0.003997,0.003730,-28.195406,45.442596,33.444553
1281,9.765948,0.926556,-0.347159,-0.011191,0.005596,0.001599,-28.945284,46.192474,31.944796
1334,9.758766,0.883460,-0.301669,-0.009593,0.003198,0.004263,-29.695162,46.642403,33.144600
1386,9.742006,0.849942,-0.320823,-0.013456,0.004397,0.004263,-28.795309,45.142647,33.294575
1439,9.742006,0.897826,-0.342371,-0.015455,0.006129,0.002931,-29.395212,45.442596,31.644844
1493,9.780313,0.916979,-0.371101,-0.009593,0.001466,0.001865,-28.495358,43.792866,33.144600
1547,9.744401,0.881066,-0.301669,-0.010792,0.006795,0.006662,-28.195406,45.442596,32.394722
1601,9.744401,0.905008,-0.294487,-0.011991,0.002398,0.004796,-29.695162,44.992672,32.394722
1655,9.753978,0.802058,-0.349553,-0.015988,0.001865,-0.000133,-29.545187,45.592571,32.994625
1709,9.737218,0.873884,-0.323217,-0.011991,0.001199,-0.000666,-27.445528,45.742550,31.644844
1762,9.777920,0.861913,-0.363919,-0.018652,0.006662,0.003597,-29.395212,46.642403,32.394722
1816,9.696517,0.893037,-0.368707,-0.010525,0.007994,0.002265,-29.695162,46.192474,30.894966
1870,9.758766,0.866701,-0.339977,-0.010392,0.008394,0.010658,-28.195406,44.542744,30.145090
1924,9.787497,0.888249,-0.397437,-0.013456,-0.002132,0.005995,-28.345383,45.142647,32.544697
1978,9.763555,0.890643,-0.361524,-0.012657,0.004530,0.008527,-27.595505,44.842693,31.794821
2032,9.725247,0.885855,-0.351948,-0.010792,0.003464,0.002798,-28.195406,44.992672,32.694675
2086,9.785102,0.847547,-0.361524,-0.009193,0.004397,0.006395,-29.695162,44.542744,30.894966
2140,9.725247,0.871489,-0.363919,-0.011458,0.002798,0.001466,-28.495358,43.492916,31.944796
2194,9.739613,0.840365,-0.330400,-0.012524,0.004930,0.006395,-28.345383,44.842693,31.044943
2248,9.758766,0.873884,-0.337582,-0.012391,0.004530,0.002132,-27.445528,45.442596,32.394722
2302,9.830592,0.890643,-0.390255,-0.013856,0.001199,0.004130,-28.795309,43.192963,32.544697
2355,9.732430,0.900220,-0.361524,-0.019052,0.006662,0.000266,-28.045431,44.392769,31.794821
2410,9.811439,0.881066,-0.337582,-0.017453,0.004796,0.002798,-28.195406,44.992672,31.644844
2464,9.756371,0.900220,-0.375890,-0.013456,0.004663,0.007194,-27.595505,44.392769,31.794821
2518,9.758766,0.897826,-0.344765,-0.013989,0.004263,0.003997,-27.745480,44.992672,33.144600
2572,9.751583,0.864307,-0.383072,-0.016387,0.005462,0.002398,-28.195406,42.593060,32.694675
2626,9.799467,0.849942,-0.304064,-0.014522,0.009726,0.000666,-28.495358,44.542744,32.694675
2680,9.775525,0.864307,-0.277727,-0.011458,0.005063,0.004796,-28.345383,44.392769,31.794821
2734,9.823410,0.826000,-0.380678,-0.010525,0.005329,0.004397,-27.595505,44.092815,32.544697
2788,9.797073,0.869095,-0.313640,-0.011724,0.002398,0.001732,-28.495358,43.792866,32.694675
2842,9.785102,0.905008,-0.366313,-0.012790,0.003064,0.000400,-27.595505,45.142647,31.494869
2894,9.758766,0.847547,-0.373495,-0.012923,0.008527,0.002798,-29.095261,45.592571,32.544697
2947,9.727641,0.881066,-0.330400,-0.020917,0.000000,0.006262,-26.095749,44.842693,33.294575
2999,9.773131,0.854730,-0.325611,-0.014389,0.007594,0.004530,-29.095261,45.142647,32.994625
3052,9.739613,0.854730,-0.325611,-0.019585,0.005462,0.006129,-29.395212,44.992672,33.444553
3105,9.744401,0.921768,-0.323217,-0.015988,0.003730,0.009459,-27.595505,44.842693,31.044943
3157,9.758766,0.909797,-0.316035,-0.014123,0.004130,0.006262,-28.345383,43.642891,33.744503
3210,9.224859,0.454898,0.378284,-0.137761,0.059554,-0.026247,-28.495358,45.442596,33.894478
3262,10.216059,1.012747,-0.217872,-0.018253,-0.013323,0.076075,-28.945284,44.242794,32.694675
3315,9.964667,0.718261,-0.562637,0.014389,-0.022783,0.219965,-27.745480,44.542744,32.394722
3367,9.950302,0.689530,-0.325611,-0.025314,0.010392,-0.002931,-29.695162,43.492916,31.194918
3420,9.761160,0.972046,-0.339977,-0.017054,0.000533,-0.043034,-27.745480,45.442596,31.944796
3472,9.710882,0.897826,-0.119710,-0.033574,-0.012923,-0.105119,-28.045431,44.392769,31.794821
3525,11.226412,1.154005,-0.907402,0.001199,0.014922,0.274723,-27.595505,45.592571,31.794821
3579,9.284714,0.938527,-0.280122,-0.023982,0.007861,0.009726,-28.945284,45.442596,31.944796
3633,10.388441,0.732626,-0.787692,0.070346,-0.079406,0.070346,-28.795309,44.392769,32.544697
3687,9.425972,0.833182,-0.241814,0.025714,-0.014256,0.009459,-28.045431,44.842693,31.794821
3741,9.531317,0.936133,-0.167594,-0.002931,0.034507,-0.107917,-28.495358,45.742550,33.144600
3795,9.325416,0.184354,-0.493206,0.001066,0.024248,-0.089931,-27.145578,46.042500,32.994625
3849,9.385271,0.553061,-0.909797,-0.007594,0.032109,-0.042634,-26.395700,44.392769,31.044943
3903,9.770737,0.854730,-0.332794,-0.019585,-0.020384,0.164008,-27.595505,45.142647,32.994625
3957,5.453991,-3.064578,-3.244143,0.059821,0.039436,0.072877,-28.795309,44.092815,32.994625
4010,9.246407,1.659182,0.141258,-0.094994,0.106585,-0.354795,-29.095261,44.842693,32.544697
4064,10.201694,1.338359,-0.349553,-0.110982,0.070746,0.039969,-28.045431,45.142647,31.794821
4118,10.160992,1.412579,-0.124498,-0.032242,0.028112,-0.035440,-27.145578,45.592571,33.294575
4172,9.983821,0.735020,-0.114922,-0.040636,0.009726,-0.000533,-25.795797,45.442596,32.694675
4226,9.732430,0.926556,-0.280122,-0.022516,0.006528,0.041968,-28.495358,43.042988,32.394722
4280,9.828198,0.909797,-0.282516,-0.025181,0.010525,-0.005596,-28.495358,45.742550,31.944796
4334,9.696517,0.766145,-0.189142,-0.014922,0.011724,-0.007994,-28.195406,45.442596,32.694675
4388,9.768343,0.916979,-0.282516,-0.023449,0.012391,-0.009859,-27.595505,44.392769,31.794821
4442,9.785102,0.888249,-0.265756,-0.015588,0.005995,0.011591,-28.195406,44.542744,32.394722
4495,9.785102,0.895431,-0.251391,-0.016254,0.007861,0.007461,-28.945284,44.992672,31.944796
4549,9.809045,0.900220,-0.272939,-0.015588,0.009593,0.000000,-28.045431,46.042500,31.794821
4604,9.708488,0.888249,-0.256180,-0.013057,0.009726,0.007461,-27.445528,45.442596,31.644844
4658,9.794679,0.840365,-0.306458,-0.013590,0.004930,0.003997,-26.995602,43.792866,32.394722
4711,9.538500,0.792481,-0.447716,-0.004130,0.014522,-0.004263,-28.495358,43.792866,33.894478
4765,9.746795,0.842759,-0.268151,-0.017986,0.008793,0.000799,-27.745480,44.242794,32.694675
4819,9.835381,0.893037,-0.251391,-0.013323,0.001332,-0.000666,-29.545187,44.392769,34.044453
4873,11.274296,1.137246,0.203507,0.035306,-0.124704,0.155214,-28.345383,45.142647,32.244747
4927,9.794679,0.837971,-0.347159,-0.018119,-0.003064,0.046631,-28.945284,46.192474,32.694675
4981,9.765948,0.792481,-0.280122,0.003730,-0.010792,-0.018519,-28.945284,44.992672,32.694675
5034,9.739613,0.864307,-0.148441,0.001599,0.011991,0.029977,-29.095261,43.192963,32.994625
5088,10.967838,-2.573767,-0.411803,-0.169870,-0.482830,0.340672,-28.795309,44.092815,33.294575
5141,9.607931,-0.823605,-0.694318,-0.455651,-0.055957,0.033708,-29.695162,42.593060,33.894478
5194,11.092337,0.359130,0.586579,-0.251940,-0.046764,0.008660,-27.445528,44.242794,32.694675
5249,11.190498,-1.414973,-0.174777,-0.139626,0.201979,-0.022516,-28.495358,44.242794,33.444553
5303,9.629479,0.143652,-0.861913,0.145888,0.192119,0.199980,-29.095261,45.142647,33.744503
5357,11.592725,-0.421380,0.246603,0.223029,0.448590,0.160810,-29.395212,43.492916,34.194431
5411,9.409213,1.941698,-0.208296,0.280052,0.586484,-0.182394,-27.745480,43.792866,35.394234
5465,6.708553,-2.401384,0.040701,0.677747,0.093528,0.226493,-28.495358,45.742550,37.643867
5519,6.167464,3.979163,0.464475,-0.149352,-0.179329,0.021450,-26.245724,44.542744,35.394234
5573,8.647857,2.358289,1.130063,-0.154548,0.017853,0.475103,-29.095261,42.893013,34.494381
5627,10.967838,0.758962,-0.823605,-0.047031,0.017986,-0.453519,-29.395212,43.042988,35.394234
5681,10.026917,0.859518,0.553061,-0.008527,-0.080738,0.380775,-29.095261,44.092815,32.544697
5735,10.556035,1.347936,-0.268151,0.377311,-0.524531,-0.371982,-29.545187,44.842693,36.294086
5789,14.427460,-0.584185,-0.035913,-0.182793,0.356127,0.258069,-29.395212,44.992672,36.144112
5843,10.783484,-1.343147,-0.457293,0.335210,-0.074210,0.200913,-27.445528,44.542744,34.944309
5897,8.743625,-0.383072,0.890643,-0.051427,-0.043167,0.249809,-28.345383,43.642891,34.794331
5951,8.774749,0.648829,1.134852,0.153616,-0.052493,-0.005329,-28.945284,44.542744,33.894478
6005,11.178528,0.967257,0.232238,0.036106,0.062752,0.139760,-28.795309,42.893013,35.544209
6059,8.468291,-0.416591,0.052672,-0.056890,0.133631,0.143090,-29.095261,42.443085,35.244259
6113,10.180145,0.869095,-0.071826,-0.109783,-0.120574,-0.266329,-29.545187,44.092815,35.994137
6166,9.141062,1.426944,0.208296,0.006262,-0.001998,-0.259002,-28.495358,43.492916,34.944309
6220,10.508151,-2.030283,-0.234632,0.019718,-0.061953,-0.006395,-28.195406,44.242794,35.394234
6274,9.346964,1.122881,0.129287,0.101522,0.013856,0.070879,-29.395212,44.242794,34.644356
6328,8.793902,-0.222661,-0.265756,-0.038504,-0.034907,0.072211,-28.195406,45.442596,34.194431
6382,10.285490,0.409408,-0.059855,-0.130567,-0.026513,-0.002132,-28.495358,43.492916,33.894478
6436,9.818622,0.581791,0.136469,0.012657,0.019452,-0.014123,-30.145090,44.242794,33.894478
6490,9.658210,-0.500388,0.780510,-0.204510,0.041435,-0.109516,-28.495358,44.542744,33.894478
6544,9.665392,0.040701,-0.366313,0.240216,0.077274,-0.378776,-27.595505,45.142647,34.494381
6598,10.058042,-0.758962,-0.184354,0.314959,-0.021583,0.285115,-29.095261,44.842693,34.044453
6651,10.548853,1.968034,-0.088585,0.455917,0.003064,-0.019718,-28.495358,45.742550,35.394234
6705,10.271125,0.301669,-0.395043,-0.204510,-0.032375,-0.015588,-29.845139,45.142647,34.044453
6760,10.168175,-1.369483,-0.502782,-0.220364,-0.065283,0.122972,-28.795309,46.042500,34.494381
6814,12.002133,-0.177171,0.095768,-0.099524,0.208507,-0.361190,-28.495358,44.542744,33.894478
6868,8.767567,0.081403,0.392649,0.085002,0.342138,0.242747,-28.195406,44.992672,34.644356
6922,11.405977,0.639252,0.651223,0.457916,0.336276,0.007727,-29.095261,45.592571,35.544209
6975,6.576872,1.860295,0.100556,0.742364,0.957933,-0.155214,-26.995602,45.442596,36.444061
7029,6.734890,1.867477,1.472434,-0.299371,0.691603,-0.723579,-28.045431,45.592571,37.043964
7083,8.307879,-0.174777,1.527501,0.367185,0.728908,0.650035,-28.345383,46.042500,38.993649
7137,2.980781,4.362236,3.153164,-0.449389,-0.535456,0.998568,-27.445528,43.792866,39.143623
7191,-0.706290,-9.730036,-0.107739,0.153349,-1.879626,2.315293,-29.695162,41.393257,37.643867
7245,14.844050,-8.444349,-0.694318,0.018519,0.094727,-0.311761,-29.395212,37.493893,34.944309
7299,11.341333,1.029507,0.814029,-0.256870,1.325917,-1.213603,-30.744991,38.843674,37.043964
7353,2.760514,2.090138,1.845930,0.001066,0.715851,0.829098,-29.395212,41.093307,37.943817
7407,10.146626,-3.256114,3.172317,0.001998,-0.039037,1.237985,-29.095261,35.694183,38.243771
7460,7.802703,-3.169923,2.387019,0.332145,-0.951138,0.054758,-29.695162,37.943817,36.444061
7515,11.520899,-1.762132,1.065420,1.156314,-1.651934,1.340706,-30.445040,36.744015,33.894478
7569,9.801862,-3.033453,0.284910,1.025614,-1.620092,1.013890,-31.944796,33.144600,30.894966
7623,9.725247,-3.203442,-0.926556,1.349100,-1.628885,1.386937,-32.544697,30.595016,25.045919
7677,8.583213,-3.792415,-1.927332,1.293009,-1.510043,1.125937,-33.144600,26.545675,22.946262
7731,9.385271,-3.701436,-2.303222,1.474870,-1.240250,1.131266,-32.244747,21.596481,19.496824
7784,7.795521,-5.006276,-2.291251,1.485395,-1.164841,0.974587,-31.044943,19.946751,19.496824
7838,9.224859,-5.094861,-2.784456,1.717484,-1.350432,1.303268,-30.295065,15.297508,15.297508
7893,7.812280,-5.968745,-2.624045,1.553476,-0.930487,0.766080,-26.995602,9.898388,13.197850
7947,7.331046,-6.222530,-2.576161,1.466077,-1.163908,0.456583,-26.995602,8.848558,12.897899
8001,7.139510,-6.617573,-2.588132,1.467276,-1.432636,-0.011191,-26.845627,7.048851,12.297997
8055,7.026982,-6.852205,-2.628834,1.525631,-1.508044,-0.070746,-24.895945,5.849047,11.248168
8109,7.043741,-7.165846,-2.937685,1.560138,-1.627286,-0.342404,-23.696140,3.149487,10.048363
8163,6.560112,-6.924031,-2.463634,1.494721,-2.023782,-0.604870,-25.345871,4.199316,7.798729
8216,6.854599,-5.937620,-1.953669,1.594112,-1.956501,-0.929688,-23.696140,4.199316,8.248656
8270,6.830657,-5.437232,-1.750161,1.297139,-2.006329,-0.931819,-21.446507,3.449438,5.549096
8323,6.500257,-5.679047,-1.728614,1.275289,-1.771976,-1.234654,-21.596481,3.299463,3.449438
8376,7.261614,-5.753267,-2.037466,1.101956,-1.374147,-0.790594,-22.046408,4.799218,3.449438
8429,7.479486,-5.722142,-2.255338,0.788995,-1.111415,-0.594211,-21.296530,5.249145,1.949682
8481,7.666234,-6.957550,-3.093309,0.649636,-0.691204,0.231822,-19.346848,3.599414,1.949682
8534,6.890512,-7.232883,-3.608062,0.494421,-0.349732,0.531593,-17.997068,3.449438,1.799707
8586,5.252879,-8.480263,-2.758120,0.415815,-0.789528,0.642974,-17.397165,0.449927,1.949682
8639,5.784391,-8.930372,-2.841918,0.711455,-0.684142,0.891051,-14.397655,-0.149976,-0.149976
8691,4.632780,-8.058883,-2.082955,0.776072,-0.504014,0.401959,-12.597948,-2.249634,1.499756
8744,5.310339,-7.757214,-1.589750,0.869067,-0.523466,0.226227,-11.398143,-2.699560,2.249634
8797,4.086902,-7.211336,-1.695095,0.760750,-0.547847,-0.096326,-10.498290,-5.699071,2.399609
8849,5.140351,-6.414066,-1.338359,0.380375,-0.444459,-1.009760,-11.698094,-4.049340,2.699560
8902,5.209783,-9.198523,-1.912967,0.483496,-0.369850,-0.757420,-13.047874,-5.099169,3.749389
8955,6.543353,-6.572083,-2.592921,0.327216,-0.619659,-0.728375,-11.398143,-3.899365,3.749389
9007,6.356606,-7.170634,-2.557007,-0.358792,-0.391700,-1.033475,-11.998045,-2.099658,1.649731
9061,8.848969,-7.256825,-2.382231,-0.567965,0.111515,-1.139927,-14.697606,-1.349780,0.149976
9115,7.556100,-7.144298,-2.576161,-0.255005,0.111381,-0.664025,-14.847581,0.749878,1.049829
9169,7.354988,-5.983110,-2.329558,-0.032908,-0.455651,-0.812977,-14.847581,1.049829,1.049829
9223,8.547300,-6.409278,-2.585738,0.366786,-0.224761,-0.319888,-17.397165,2.549585,0.899853
9276,7.570466,-5.925649,-2.930503,0.500683,-0.118709,0.126170,-16.797264,1.499756,-0.299951
9330,6.500257,-6.663064,-3.045424,0.356793,-0.346268,-0.262599,-15.897410,1.349780,1.199805
9385,6.495469,-6.397307,-3.217807,0.418613,-0.160544,0.117110,-16.497313,1.049829,0.749878
9438,6.701371,-6.212954,-3.244143,0.171735,-0.054358,0.032775,-16.647287,-0.449927,1.649731
9492,7.505822,-6.339846,-3.313575,-0.192253,0.017054,-0.032375,-16.197361,0.149976,1.649731
9546,7.232883,-6.646304,-3.205836,-0.233421,-0.131499,-0.175865,-15.747435,0.000000,1.499756
9600,7.237672,-6.684611,-3.114856,-0.002931,-0.130700,0.091263,-15.897410,1.349780,0.449927
9654,7.730877,-6.296751,-3.277662,0.199714,-0.200513,0.108583,-16.197361,0.149976,1.649731
9708,7.338228,-5.679047,-3.457227,0.222230,-0.279386,0.244213,-14.847581,-0.299951,0.749878
9762,6.725313,-6.040571,-3.311181,0.122972,-0.371049,0.035573,-13.947728,-0.149976,0.449927
9816,6.555324,-6.548141,-3.402161,0.147354,-0.350798,-0.052227,-14.547630,0.000000,-0.299951
9870,6.588843,-6.617573,-3.380613,0.263132,-0.329081,0.056890,-13.947728,-0.899853,-0.449927
9924,6.531382,-6.215348,-3.380613,0.230357,-0.297372,-0.003997,-11.398143,-1.499756,0.000000
9979,6.612785,-6.392519,-3.258508,0.083936,-0.193851,-0.073810,-11.398143,-1.949682,-0.299951
10033,6.983886,-6.744466,-3.327940,0.049162,-0.206908,-0.099790,-12.447972,-1.649731,0.899853
10085,6.643910,-7.058106,-3.213019,0.170936,-0.267395,-0.023982,-11.848070,-1.949682,0.000000
10138,6.969521,-6.615179,-3.459621,0.313626,-0.214902,0.110449,-11.248168,-2.549585,0.149976
10191,6.687006,-6.368577,-3.342306,0.177064,-0.145755,0.112980,-11.098192,-3.149487,0.299951
10244,6.502652,-6.493075,-3.344700,0.041302,-0.037305,-0.043300,-11.248168,-3.299463,-0.449927
10296,6.567295,-6.524199,-3.380613,-0.018253,0.022916,0.062485,-10.048363,-3.299463,0.449927
10349,6.828263,-6.651093,-3.485958,-0.121240,0.053959,-0.027579,-10.048363,-3.299463,-0.899853
10401,6.497863,-6.514623,-3.387795,-0.152283,0.047297,-0.003864,-10.348314,-3.449438,0.749878
10454,6.406884,-6.821081,-3.421314,-0.185191,0.083536,-0.081538,-10.348314,-3.149487,-1.049829
10506,6.495469,-6.622362,-3.593697,-0.202112,0.101522,-0.098325,-10.948216,-0.899853,-1.649731
10559,7.275979,-6.404490,-4.036624,-0.344936,0.152283,-0.133897,-11.698094,-1.349780,0.149976
10611,7.601591,-6.076484,-4.364630,-1.042934,0.078606,-0.976052,-13.197850,-0.449927,-1.199805
10664,7.240066,-6.816292,-4.170700,-1.164041,-0.008527,-0.665890,-14.097703,3.449438,-4.049340
10717,7.891289,-5.698200,-4.395754,-0.903574,0.034507,-0.571162,-13.797752,5.099169,-4.499267
10770,7.951144,-4.814740,-4.582502,-0.757020,-0.178530,-0.258469,-14.547630,6.298974,-6.298974
10825,7.987057,-3.327940,-4.872200,-0.812711,-0.246211,-0.568098,-15.897410,10.348314,-6.148998
10879,6.916849,-3.339911,-4.845864,-1.164441,-0.298971,-1.167905,-16.197361,12.747923,-5.699071
10933,7.726089,-1.340753,-5.305551,-1.484196,-0.208640,-2.052027,-15.897410,15.897410,-7.948705
10986,7.596802,-2.746149,-4.865018,-1.267429,-0.161876,-1.391467,-15.447483,24.595993,-10.198339
11040,7.089231,-0.639252,-5.391742,-0.673750,0.303900,-0.986444,-15.447483,27.745480,-7.948705
11094,7.582437,0.486023,-5.645528,-0.765946,0.208907,-1.125937,-16.197361,28.795309,-8.398632
11148,7.987057,0.694318,-5.669470,-0.846418,0.228092,-1.439297,-17.097216,33.594528,-6.448949
11200,8.650250,2.138022,-5.810728,-0.893582,0.184126,-1.024015,-18.446995,34.644356,-8.548608
11253,7.235278,1.877054,-5.559336,-0.978583,0.029178,-1.226127,-16.497313,39.743526,-6.748900
11305,8.178593,2.398990,-5.554548,-0.703194,0.128302,-1.324452,-15.897410,42.293110,-7.198827
11358,6.548141,3.478775,-5.315128,-0.527329,-0.013190,-0.888652,-14.397655,46.942352,-5.699071
11410,7.544129,4.666299,-4.953603,-0.748493,0.084335,-1.187623,-12.597948,47.992180,-4.499267
11463,7.386112,3.971981,-4.288015,-0.520934,0.133364,-0.845485,-12.447972,50.541767,-3.899365
11515,7.079654,4.996699,-4.309563,-0.246211,0.215168,-1.001632,-11.098192,54.591106,-3.749389
11568,6.665458,4.975151,-4.089296,-0.371582,0.159611,-0.681345,-10.948216,53.991203,-2.699560
11621,7.177817,5.762844,-4.170700,-0.584086,0.039836,-0.473504,-10.048363,56.090862,-3.899365
11673,8.300697,5.434838,-4.113238,-0.062219,-0.204377,-0.217167,-7.348803,58.040546,-1.199805
11726,6.713342,6.804321,-4.252102,-0.370516,-0.105519,-0.367851,-8.248656,60.290180,-1.649731
11778,7.532158,6.227319,-3.205836,-0.101522,-0.085534,-0.579423,-5.849047,60.290180,-0.449927
11831,6.124368,7.161057,-4.029441,0.107251,0.119508,-0.545049,-6.148998,60.140202,-0.749878
11884,5.908890,7.378930,-4.101267,-0.248743,0.237951,-0.496153,-5.549096,60.740105,-0.149976
11938,5.712565,6.804321,-3.512294,-0.334810,0.375845,-0.202112,-5.249145,61.340008,0.000000
11992,5.453991,6.540959,-3.062184,-0.102855,0.209440,0.057289,-4.799218,60.740105,2.399609
12046,5.743690,7.328651,-3.241749,-0.081138,0.174533,-0.181061,-6.148998,61.789932,1.049829
12100,5.930438,7.328651,-3.222595,-0.418613,0.090464,-0.418746,-6.298974,61.939911,2.699560
12155,5.837064,7.029376,-2.892196,-0.475902,-0.032642,-0.391300,-4.499267,64.489494,2.549585
12208,5.367800,7.553706,-2.813187,-0.371582,0.026513,-0.000666,-4.799218,64.339516,3.449438
12262,5.513846,7.546524,-2.437297,-0.631916,0.087799,-0.141625,-4.199316,64.039566,4.799218
12316,5.257667,7.173028,-2.063802,-0.410752,-0.025181,-0.046498,-3.599414,65.839272,5.699071
12370,5.260061,7.979874,-2.329558,-0.200113,0.046231,-0.136962,-3.599414,67.039078,6.898876
12424,5.073313,8.190564,-2.578555,-0.364920,0.011191,-0.357593,-2.849536,67.039078,7.198827
12478,4.623203,8.051701,-1.960851,-0.280585,0.065417,-0.403824,-2.399609,66.589149,8.698583
12532,4.905719,7.948750,-1.709460,-0.094194,-0.084335,-0.373980,-1.799707,69.288712,8.548608
12586,4.776433,8.070854,-1.905785,-0.056357,-0.051427,-0.224228,-1.049829,69.588661,7.798729
12640,5.214571,8.013393,-1.754950,-0.118443,-0.004930,-0.092729,-2.249634,68.838783,5.999022
12694,4.750096,8.157045,-1.805228,-0.043700,0.032908,-0.035706,-0.449927,70.188568,9.448461
12748,4.486734,8.037335,-1.678335,-0.073544,0.056090,0.032642,-0.149976,68.688812,7.948705
12802,4.891354,8.051701,-1.661576,0.131233,0.096459,0.311095,-0.149976,67.489006,8.398632
12856,4.790798,8.358158,-2.025495,0.153749,0.141492,0.297905,-2.249634,68.838783,8.548608
12910,5.219360,7.817069,-1.862689,0.103521,0.102855,0.544783,-3.149487,67.489006,7.948705
12964,5.942409,7.630321,-1.917756,0.236619,0.101389,0.750358,-4.799218,67.039078,7.948705
13018,6.708553,7.627927,-1.953669,0.401692,0.356127,1.189222,-6.298974,65.839272,6.448949
13072,6.263232,7.055712,-1.836353,0.439663,0.386770,0.886387,-8.248656,62.689789,5.399120
13126,6.402095,6.945579,-2.018312,0.573294,0.507744,1.348300,-10.348314,61.789932,6.748900
13180,6.536170,6.052542,-1.958457,0.536522,0.340273,0.522133,-13.497801,59.540302,5.699071
13234,7.867347,5.401319,-2.087744,0.623256,0.306032,1.026680,-13.797752,58.190521,4.799218
13288,7.721301,4.948815,-2.073379,0.618193,0.446724,1.016021,-15.897410,54.891056,3.899365
13342,7.793127,4.929661,-2.310405,0.496686,0.488825,1.593979,-17.997068,51.891548,4.499267
13396,8.825027,3.995923,-2.035071,0.425940,0.330680,1.217867,-20.696629,48.742058,5.249145
13450,8.592790,3.090914,-2.030283,0.399294,0.287646,1.039204,-22.346359,46.942352,4.199316
13504,9.703699,2.949656,-2.133234,0.412084,0.210639,1.048530,-24.745968,44.242794,4.649242
13558,9.720459,1.551443,-2.030283,0.612064,0.123639,1.260900,-25.345871,39.743526,5.249145
13612,9.809045,0.636858,-2.075773,1.062652,0.175199,2.138894,-25.795797,36.294086,4.649242
13666,7.934384,-0.268151,-2.518700,1.406655,-0.158812,2.825701,-28.345383,29.095261,3.749389
13720,8.784326,-0.964863,-2.772485,1.130734,-0.449655,3.107219,-28.045431,18.896921,4.499267
13774,9.315839,-1.728614,-2.937685,0.374513,-1.309263,2.395631,-23.996090,11.098192,3.149487
13828,7.781156,-3.670311,-3.600879,-0.445525,-1.844320,1.329914,-22.646311,9.748412,0.299951
13882,8.437167,-4.697424,-4.369418,-0.756221,-1.392933,1.084769,-16.797264,7.798729,-4.799218
13935,7.254431,-5.370194,-5.054160,-0.774074,-1.030677,1.478867,-14.847581,8.248656,-6.298974
13989,6.136339,-5.674258,-5.240908,-0.786331,-0.783933,0.954469,-12.297997,8.248656,-8.248656
14043,6.713342,-6.007052,-5.786786,-0.628319,-1.127536,1.642341,-8.398632,6.298974,-10.498290
14097,4.254497,-5.968745,-5.999869,-0.589815,-0.724645,1.280219,-6.298974,5.999022,-12.148021
14151,5.145139,-6.059724,-6.339846,-0.343070,-0.575559,0.666689,-2.399609,6.748900,-12.148021
14216,5.489904,-5.389348,-7.010222,-0.002531,-1.016421,1.185092,-0.749878,5.849047,-13.047874
14270,3.620033,-5.518635,-7.208941,-0.237018,-0.698132,1.220665,2.549585,6.298974,-13.797752
14324,2.753332,-6.670246,-7.400477,-0.244080,-0.437132,0.760617,5.099169,8.398632,-13.647777
14378,3.105280,-5.987898,-7.747637,-0.157879,-0.639643,0.984312,7.048851,5.999022,-15.897410
14432,2.319981,-6.519411,-7.704541,-0.047697,-0.222230,0.749959,8.398632,7.348803,-14.997557
14486,1.731008,-6.445191,-7.809886,-0.136162,-0.446724,0.706126,10.348314,7.798729,-14.547630
14539,1.707066,-5.827487,-7.963115,-0.458848,-0.492289,0.807648,12.747923,7.948705,-13.647777
14593,1.170765,-6.078878,-7.841011,-0.606602,-0.219565,0.651767,13.797752,8.548608,-15.297508
14648,0.588974,-5.767632,-8.166622,-0.636712,-0.278986,0.802718,15.297508,9.748412,-15.747435
14702,0.529119,-5.894525,-8.269572,-0.604337,-0.254738,0.696933,16.047386,12.597948,-17.547142
14756,0.495600,-5.894525,-8.554482,-0.538121,-0.059954,0.471372,17.397165,15.147532,-18.147043
14810,0.270545,-5.185841,-8.734048,-0.476968,0.036505,0.331879,16.047386,15.297508,-16.797264
14864,0.050278,-4.814740,-8.822633,-0.546648,0.053825,0.420078,17.247190,16.497313,-17.997068
14918,0.062249,-4.975151,-8.626308,-0.170936,0.278320,0.147354,17.547142,17.997068,-17.547142
14972,0.021548,-4.876989,-8.985439,-0.230357,0.012923,0.271792,17.247190,19.196873,-17.547142
15593,-1.010353,-5.477933,-8.070854,0.415548,-0.121240,0.272191,23.246214,17.847092,-15.447483
15645,-2.475605,-6.057330,-8.190564,0.341072,0.110049,0.390900,23.396189,14.847581,-15.297508
15698,-1.807622,-5.884948,-8.334216,0.498418,-0.380375,0.061686,24.146067,12.897899,-14.997557
15750,-0.924162,-5.647922,-8.078036,0.322553,0.076874,0.095527,25.045919,13.047874,-15.897410
15804,-1.910573,-6.339846,-7.529764,-0.011991,0.323086,0.014655,23.996090,11.098192,-14.397655
15858,-1.163582,-6.212954,-7.668628,0.242081,0.630583,-0.150285,23.546164,12.747923,-15.147532
15912,-1.814805,-7.019799,-7.182605,0.520002,0.599541,-0.192786,20.096725,10.798241,-13.947728
15966,-0.861913,-6.373365,-6.581660,1.245446,0.782067,-0.169870,20.696629,8.998534,-14.247679
16020,-0.335188,-6.811504,-6.809110,0.829631,0.847484,-0.526130,17.547142,6.298974,-12.297997
16074,-0.593762,-7.584831,-7.053318,0.858675,0.616194,-0.307231,15.297508,2.699560,-12.297997
16128,0.126893,-8.118738,-6.986280,1.004830,0.454585,-0.702129,14.097703,1.049829,-11.548119
16182,0.634463,-7.283162,-6.543353,0.874930,0.262599,-0.412617,12.447972,-1.649731,-10.198339
16236,1.539472,-8.025364,-6.299145,0.560104,0.425541,-0.758352,10.048363,-2.549585,-10.198339
16289,1.608904,-7.702147,-6.102820,0.470040,0.841089,-1.057323,8.548608,-2.849536,-9.448461
16343,2.348712,-8.643068,-5.418078,0.081804,0.793792,-0.988443,5.099169,-2.849536,-8.398632
16937,8.437167,-5.214571,-2.015918,0.086334,0.235153,-0.601806,-21.446507,3.149487,4.799218
16991,7.364564,-5.968745,-1.853112,-0.201579,0.122972,-1.035606,-21.296530,3.599414,3.899365
17046,8.468291,-5.262455,-1.810017,-0.050095,0.116044,-0.435666,-22.346359,4.799218,5.399120
17101,8.731653,-5.013458,-1.733402,0.090064,0.302568,-0.691070,-22.346359,5.699071,4.949194
17155,7.982268,-4.479551,-1.862689,0.122440,0.231556,-0.658162,-24.146067,8.998534,5.999022
17209,8.805874,-4.019865,-1.628057,0.005995,0.207308,-0.326949,-25.345871,9.448461,5.999022
17263,9.035717,-4.723760,-1.254562,0.149752,0.159078,-0.213303,-25.045919,8.398632,6.898876
17317,9.081207,-3.916914,-1.541866,0.194251,0.128701,-0.074876,-25.495846,8.398632,7.648754
17372,9.167398,-4.084508,-1.381454,0.068747,0.082870,-0.171735,-25.645823,8.998534,8.548608
17426,8.781932,-4.094085,-1.388637,-0.023315,-0.032908,-0.106851,-26.995602,9.898388,7.198827
17480,8.918402,-4.292804,-1.163582,-0.021051,-0.025447,0.014655,-25.795797,10.798241,8.398632
17534,9.200917,-4.113238,-1.142034,0.071145,0.011591,0.043433,-27.145578,10.198339,7.048851
17588,8.923190,-4.031836,-1.304840,0.138960,-0.082470,0.216900,-26.245724,9.148510,7.948705
17642,8.767567,-4.187459,-1.022324,-0.020518,-0.029711,-0.277521,-24.745968,9.898388,6.148998
17696,9.507375,-3.940856,-1.247379,0.023982,-0.029977,0.080738,-25.495846,9.598436,6.898876
17750,9.220071,-4.185065,-1.134852,0.045299,0.033175,0.068081,-25.495846,7.648754,6.448949
17804,8.999804,-4.146757,-1.218649,0.082870,0.027312,0.235020,-25.645823,9.448461,5.999022
17858,8.695741,-4.185065,-1.345541,0.036905,-0.058089,0.607934,-25.495846,9.598436,6.448949
17912,7.963115,-4.733337,-1.350330,-0.112047,-0.201712,0.635113,-24.895945,5.849047,6.748900
17967,8.350976,-4.891354,-1.465251,-0.223429,-0.292176,0.506545,-24.595993,6.298974,5.999022
18021,8.219295,-5.200206,-1.551443,-0.282051,-0.283383,0.384372,-22.796286,7.198827,4.649242
18075,8.073248,-5.671864,-1.642422,-0.157479,-0.258868,0.661626,-23.546164,4.799218,4.949194
18129,7.678205,-5.882554,-1.951274,-0.040502,-0.262199,1.201746,-19.946751,2.699560,2.549585
18183,7.659051,-6.313510,-2.075773,-0.131499,-0.308697,1.674583,-19.496824,0.749878,3.299463
18237,5.442020,-7.639898,-2.135628,-0.090331,-0.454718,2.627986,-16.497313,-2.249634,1.499756
18291,4.790798,-8.133103,-2.226608,-0.129234,-0.519735,3.176366,-11.098192,-5.399120,1.799707
18344,5.324705,-8.473080,-2.595315,-0.260201,-0.677081,2.485296,-5.099169,-9.598436,2.399609
18398,3.011906,-8.896853,-3.078943,-0.427273,-0.606069,2.019786,-0.749878,-10.498290,-0.299951
18453,2.942474,-9.346964,-3.325546,-0.557306,-0.242348,1.266896,4.349291,-10.348314,-0.449927
18507,0.126893,-9.591172,-3.612850,-0.525997,-0.184126,1.587850,6.298974,-10.348314,-1.649731
18561,1.376666,-9.318233,-3.864242,-0.733971,-0.114579,1.137795,10.948216,-9.898388,-3.149487
18615,0.332794,-8.731653,-4.374207,-0.723446,0.262066,1.580389,11.698094,-7.948705,-5.699071
18669,-1.079785,-9.083601,-4.972757,-1.112214,0.364654,0.742897,13.047874,-7.048851,-5.999022
18723,-0.991199,-9.076419,-5.786786,-1.095694,0.272058,1.022017,14.397655,-1.349780,-7.198827
18776,-1.199495,-8.968679,-6.026206,-0.864538,0.204377,0.529727,15.747435,-0.749878,-8.998534
18830,-1.731008,-7.735666,-6.169858,-0.622590,-0.149752,1.100090,16.647287,-1.649731,-10.198339
18884,-1.388637,-8.453926,-6.105214,-0.551311,-0.028511,0.324685,17.397165,2.849536,-12.148021
18938,-1.589750,-7.314286,-6.268020,-0.452320,-0.109516,0.475236,18.446995,1.499756,-11.248168
18992,-1.707066,-7.539341,-6.380548,-0.467375,-0.042101,0.241282,19.946751,3.899365,-12.297997
19047,-1.845930,-6.952762,-6.880936,-0.529861,-0.004263,0.510542,20.546654,5.699071,-13.947728
19101,-2.348712,-6.950367,-7.237672,-0.722513,0.045299,0.608201,19.646799,5.999022,-13.947728
19155,-2.561796,-6.689400,-7.333440,-0.595277,0.203311,0.401026,20.546654,8.848558,-14.397655
19208,-2.755726,-6.359000,-7.733272,-0.742231,0.145355,0.537055,20.246702,11.398143,-13.497801
19262,-2.693477,-6.124368,-8.003817,-0.836692,0.200646,0.574893,20.696629,12.148021,-14.997557
19316,-3.169923,-5.470751,-8.025364,-0.608867,0.277920,0.489092,19.646799,14.247679,-16.647287
19370,-2.612074,-5.295974,-8.090008,-0.631383,0.305233,0.350531,20.246702,16.497313,-16.497313
19424,-2.822764,-5.195418,-7.987057,-0.416348,0.322420,0.120441,18.596970,17.097216,-16.947239
19478,-3.739743,-4.565742,-8.789114,-0.296040,0.274723,0.056090,18.446995,18.896921,-16.797264
19532,-2.363077,-4.651934,-8.238448,-0.102588,0.130300,0.017587,19.946751,18.446995,-17.997068
19586,-2.066196,-4.491522,-8.257602,0.066349,0.014522,-0.075675,18.896921,20.546654,-18.896921
19640,-2.104503,-4.575319,-8.322245,0.069813,0.011858,-0.078340,17.547142,17.997068,-16.797264
19694,-2.140416,-4.932055,-8.532935,0.270992,0.063951,-0.325484,16.797264,18.896921,-16.797264
19749,-2.190695,-5.284003,-8.441956,0.299371,0.103920,-0.492956,17.547142,17.997068,-16.797264
19803,-1.769315,-5.231331,-8.662222,0.261266,0.079139,-0.582087,17.547142,16.497313,-16.797264
19856,-2.281674,-5.801151,-8.324639,0.302168,0.048763,-0.495087,16.047386,15.297508,-16.497313
19910,-1.853112,-5.501875,-8.271967,0.424075,0.034907,-0.638977,16.197361,14.697606,-16.197361
19965,-1.455675,-6.098032,-8.248025,0.402625,-0.021184,-0.602738,15.147532,14.697606,-16.947239
20019,-1.197101,-6.205771,-7.872135,0.469107,-0.005995,-0.518536,14.097703,13.347826,-15.297508
20072,-0.926556,-6.483498,-7.623138,0.463112,0.084735,-0.611265,16.497313,11.398143,-15.297508
20124,-1.407791,-6.639122,-7.249643,0.816441,0.122972,-0.525864,15.447483,9.898388,-15.447483
20177,-0.763750,-6.969521,-7.376535,0.572495,-0.079539,-0.372515,13.347826,8.548608,-16.047386
20229,-0.102951,-7.201759,-7.261614,0.653099,0.088199,-0.692536,13.047874,6.598925,-13.497801
20282,-0.296881,-7.036559,-6.986280,0.638844,0.129368,-0.493222,13.197850,4.799218,-12.897899
20334,0.107739,-7.625533,-6.837840,0.477234,0.055957,-0.511208,11.098192,3.899365,-12.747923
20387,-0.004788,-7.795521,-6.373365,0.617394,0.239816,-0.626453,10.498290,2.549585,-12.148021
20440,0.845153,-7.642292,-6.184223,0.491890,0.320688,-0.916897,8.548608,1.649731,-12.447972
20492,1.082179,-8.128315,-5.978322,0.427539,0.505080,-1.106752,6.598925,0.899853,-10.198339
20545,2.322376,-7.766790,-5.949591,0.289778,0.361856,-0.956201,3.899365,-0.149976,-10.648265
20597,1.860295,-8.382100,-5.568913,0.326550,0.826034,-1.336709,2.249634,0.299951,-10.048363
20650,2.676718,-7.960721,-5.401319,0.298438,0.668021,-1.092096,-0.299951,0.749878,-9.298485
20702,3.258508,-8.350976,-4.903325,0.383972,0.758086,-1.170436,-3.599414,0.149976,-7.648754
20756,5.001487,-7.405266,-4.855441,0.372781,0.758885,-1.059721,-6.448949,-0.299951,-5.999022
20810,5.181053,-7.570466,-4.735731,-0.057156,0.847084,-1.394798,-9.598436,2.249634,-7.048851
20864,6.306327,-6.868965,-4.537012,-0.192652,0.818839,-1.115012,-13.497801,2.549585,-3.449438
20918,5.726931,-7.290344,-4.161122,-0.271792,0.808580,-1.059188,-15.297508,4.649242,-4.049340
20972,7.788338,-6.126762,-4.378995,-0.361723,0.722247,-1.380276,-16.497313,5.399120,-2.999511
21027,6.943185,-6.038177,-3.811569,-0.305499,0.784865,-1.073577,-18.896921,9.148510,-1.199805
21080,7.204153,-5.389348,-3.524265,-0.194784,0.753156,-0.882657,-21.446507,9.448461,-1.049829
21134,7.544129,-4.915296,-3.215413,-0.126037,0.444060,-0.641775,-24.895945,12.597948,-0.299951
21188,8.848969,-4.601655,-3.299210,-0.029178,0.345735,-0.517603,-24.895945,14.547630,0.000000
21242,8.283937,-4.285621,-2.956839,-0.085934,0.666156,-0.864404,-24.745968,15.447483,1.649731
21295,8.932767,-3.967192,-2.494758,-0.053825,0.792593,-0.767945,-27.445528,17.847092,2.699560
21349,8.863335,-3.651158,-2.329558,-0.141358,0.361190,-0.064484,-27.445528,19.796776,3.449438
21404,9.461885,-3.327940,-2.430115,-0.286047,0.294974,-0.875063,-28.195406,19.796776,4.199316
21458,10.122684,-3.150769,-2.521094,-0.285914,0.140692,-0.737835,-27.145578,22.046408,5.999022
21512,9.378088,-3.315969,-2.181118,-0.025714,0.200247,-0.890518,-28.045431,23.996090,5.549096
21566,9.366117,-2.315193,-2.094927,0.400626,0.220498,-1.166440,-29.095261,24.296041,6.748900
21620,10.697293,-1.343147,-1.618480,0.517603,0.133098,-1.108884,-28.945284,26.845627,6.448949
21674,10.146626,-0.907402,-1.905785,0.728508,0.082470,-1.324718,-29.095261,29.395212,6.748900
21728,9.979033,-0.179565,-1.695095,0.766613,0.008660,-1.752657,-28.795309,30.595016,6.298974
21782,9.775525,0.639252,-2.063802,0.758619,-0.086067,-1.308198,-27.745480,34.794331,6.898876
21836,9.418790,0.610521,-1.850718,0.774873,0.067815,-1.364021,-27.595505,37.793842,6.298974
21890,9.454702,1.900996,-1.965640,0.771675,0.046631,-1.188423,-26.695652,38.243771,4.649242
21944,8.676587,2.018312,-1.821988,0.564900,-0.097659,-1.151518,-26.695652,41.843182,5.399120
21998,9.421184,2.035071,-1.663970,0.643374,0.044766,-0.961263,-25.795797,43.042988,4.649242
22052,8.628703,2.403779,-1.812411,0.756753,-0.021184,-0.287646,-25.045919,42.293110,2.699560
22106,9.313444,3.308787,-2.351106,0.747161,-0.259401,-0.370783,-23.996090,42.293110,1.649731
22160,8.755595,2.964022,-2.497152,0.594211,-0.469240,-0.340672,-22.646311,42.893013,1.799707
22214,8.870518,3.294421,-3.069367,0.489758,-0.287380,0.054625,-23.696140,41.693207,0.000000
22268,8.547300,2.442086,-2.906561,0.393165,-0.270459,0.165207,-22.196384,41.693207,-1.049829
22322,8.863335,2.415750,-3.105280,0.396096,-0.281251,0.347734,-20.696629,41.243282,-1.799707
22376,8.473080,2.614468,-3.406949,0.237685,-0.298305,0.210372,-23.396189,39.293598,-2.249634
22430,8.832211,2.674323,-3.730166,0.126170,-0.279786,0.218499,-22.196384,38.093796,-4.049340
22484,8.592790,2.183512,-3.586514,0.131233,-0.228358,0.232755,-21.596481,36.744015,-4.649242
22538,8.619126,2.269703,-3.902549,0.226760,-0.251541,0.132432,-21.896433,38.543720,-4.499267
22591,8.678981,2.109292,-4.187459,0.223029,-0.204377,0.156813,-20.696629,37.343918,-5.549096
22645,8.561666,1.673547,-4.010288,0.196250,-0.146821,0.288179,-20.696629,35.694183,-4.799218
22699,8.152257,1.747767,-4.285621,0.064617,-0.169204,0.134963,-20.246702,34.944309,-3.749389
22753,8.252813,1.556231,-4.170700,-0.043700,-0.050628,0.188123,-20.696629,35.394234,-5.549096
22807,8.173804,1.175553,-3.876213,-0.002798,0.152017,0.243280,-19.196873,34.944309,-5.249145
22862,8.487445,1.800440,-4.091691,-0.015455,0.222763,0.249542,-20.846603,33.144600,-5.399120
22916,8.441956,1.802834,-3.943250,-0.159744,0.244613,0.083669,-21.896433,33.444553,-7.048851
22969,8.269572,1.285686,-3.593697,-0.213436,0.308564,0.038104,-21.896433,34.944309,-4.799218
23023,8.655039,1.539472,-3.603274,-0.348933,0.467242,-0.110582,-23.546164,36.294086,-4.649242
23077,8.738836,1.419762,-3.373430,-0.272991,0.465910,0.007861,-23.246214,35.994137,-3.149487
23131,9.102755,1.618480,-3.241749,-0.481098,0.490424,0.096326,-24.146067,35.394234,-1.499756
23185,9.260772,1.221043,-2.743755,-0.562769,0.576891,0.196116,-24.146067,35.394234,-0.299951
23239,9.550470,1.850718,-2.698265,-0.504547,0.450721,0.145755,-24.296041,35.544209,0.899853
23293,9.840169,1.769315,-2.468422,-0.604870,0.410752,0.149219,-25.495846,35.544209,3.449438
23347,9.892841,1.472434,-2.042254,-0.536789,0.336009,0.330680,-26.995602,35.544209,4.649242
23401,9.576807,1.944092,-2.018312,-0.407954,0.277254,0.254605,-27.445528,37.493893,3.149487
23455,9.461885,1.606509,-1.862689,-0.364920,0.246078,0.161743,-28.495358,37.493893,5.699071
23509,9.502586,1.398214,-1.745373,-0.227825,0.155881,0.053292,-28.045431,36.893990,4.499267
23563,9.622296,1.515530,-1.666364,-0.124971,0.196116,0.212504,-27.745480,36.744015,6.448949
23617,9.651027,1.580173,-1.630451,-0.173867,0.200113,0.078606,-28.195406,37.493893,6.148998
23671,10.002975,1.513135,-1.544260,-0.185858,0.086600,0.134031,-28.195406,36.294086,6.148998
23725,9.986216,1.288081,-1.541866,-0.052227,-0.124438,-0.044233,-28.945284,35.094284,6.448949
23779,9.995792,1.381454,-1.668759,0.021450,-0.207441,-0.003331,-28.195406,36.294086,6.898876
23833,9.849746,1.374272,-1.644817,0.047963,-0.269660,-0.003997,-28.795309,36.893990,4.799218
23887,9.768343,1.350330,-1.865083,0.098325,-0.326949,0.066216,-27.595505,36.594040,5.249145
23941,9.471462,1.491588,-1.941698,0.102855,-0.430070,-0.021583,-27.595505,36.594040,5.549096
23994,9.430760,1.340753,-2.224213,0.073144,-0.451654,-0.073277,-25.795797,36.744015,3.449438
24048,9.306262,1.558625,-2.454057,0.154149,-0.455651,0.026513,-25.795797,36.294086,1.949682
24102,9.253590,1.355118,-2.609680,0.201312,-0.483363,-0.084069,-26.395700,36.893990,1.499756
24156,9.358934,1.467646,-2.853889,0.215968,-0.460447,-0.037971,-24.745968,35.544209,1.199805
24210,9.186552,1.151611,-2.985569,0.247277,-0.471772,0.014922,-24.595993,37.793842,-0.299951
24264,9.023746,1.237802,-3.246537,0.265530,-0.477501,-0.042368,-23.396189,36.144112,-1.499756
24318,8.877700,1.122881,-3.533842,0.251541,-0.425141,0.080738,-22.946262,35.694183,-2.249634
24372,8.621520,0.988805,-3.624821,0.155214,-0.372781,-0.005196,-22.346359,35.544209,-4.199316
24426,8.585608,0.876278,-3.876213,0.133498,-0.338807,0.074077,-22.346359,34.794331,-3.899365
24479,8.755595,0.770933,-3.971981,0.065017,-0.220364,0.066349,-20.696629,36.144112,-4.799218
24533,8.480263,0.411803,-3.876213,0.097525,-0.167871,0.304167,-22.346359,34.794331,-4.649242
24587,8.501810,0.483629,-3.919308,0.022116,-0.007061,0.476435,-22.046408,31.644844,-4.949194
24642,8.267179,0.392649,-3.770868,-0.160943,0.198781,0.468574,-21.296530,31.944796,-6.148998
24696,8.475474,-0.131681,-3.564966,-0.070479,0.315225,0.797123,-20.246702,31.494869,-4.799218
24749,8.638280,0.191536,-3.840300,-0.121640,0.425274,0.458982,-21.896433,30.595016,-4.799218
24803,9.267955,-0.555455,-3.399766,-0.045832,0.520801,0.682011,-23.396189,28.645334,-2.549585
24857,9.615114,-0.569820,-3.335123,0.027046,0.692536,0.460314,-25.645823,26.245724,-2.999511
24911,9.255983,-0.596156,-3.047819,0.102455,0.600074,0.464444,-26.245724,26.545675,-2.699560
24966,9.655815,-0.292093,-2.865860,-0.070746,0.556640,0.139093,-27.595505,25.195896,-0.749878
25020,9.900024,-1.065420,-2.549825,-0.146421,0.468841,0.224228,-26.695652,25.345871,0.899853
25073,9.710882,-1.211466,-2.470816,-0.139227,0.259268,-0.042234,-28.495358,24.895945,0.899853
25128,9.730036,-1.218649,-2.403779,-0.187989,0.169070,-0.132965,-26.995602,25.645823,1.949682
25181,9.816227,-1.364695,-2.154782,-0.160810,0.210639,-0.186257,-27.595505,25.495846,1.499756
25235,9.200917,-1.230620,-2.262521,-0.146688,0.102188,-0.078873,-26.695652,25.345871,3.899365
25289,9.440337,-1.041478,-2.353500,-0.293242,0.103121,-0.130700,-28.345383,27.895456,2.249634
25343,9.902418,-0.916979,-2.130840,-0.433268,0.189588,0.107118,-29.545187,29.095261,3.299463
25397,9.806650,-0.737414,-1.795651,-0.287779,0.098858,0.004930,-28.195406,27.745480,1.949682
25451,9.593566,-0.421380,-1.927332,-0.163874,-0.029977,-0.061420,-29.845139,28.645334,4.049340
25505,9.054871,-0.418985,-1.932121,-0.153216,-0.035440,-0.154681,-28.345383,27.445528,2.999511
25558,9.940725,-0.246603,-2.032677,-0.154415,0.125637,0.128168,-28.345383,27.895456,4.049340
25612,9.598354,-0.514753,-1.948880,-0.106452,0.145222,0.339207,-29.845139,28.645334,4.499267
25666,9.991004,-0.612916,-2.142811,-0.078606,0.026913,0.448723,-28.495358,26.545675,3.899365
25719,9.734824,-0.833182,-2.157176,-0.101922,-0.123106,0.523732,-30.295065,26.695652,4.049340
25773,9.765948,-1.175553,-2.221819,-0.096992,-0.243280,0.611798,-30.445040,22.946262,3.449438
25828,9.466674,-2.188300,-1.884237,0.007594,-0.180528,0.640443,-29.695162,24.146067,3.899365
25882,9.615114,-2.281674,-2.133234,0.148553,-0.084335,0.553576,-27.445528,22.196384,2.699560
25936,9.155427,-2.432509,-2.159570,0.116044,-0.054358,0.222096,-29.545187,22.046408,4.799218
25989,9.382876,-2.671929,-2.286463,0.140026,-0.081937,0.731972,-26.845627,19.946751,2.549585
26043,8.846576,-2.760514,-2.255338,0.072611,-0.050228,0.386903,-28.345383,17.697117,3.749389
26097,9.184157,-3.031059,-2.267309,0.101123,-0.135896,0.223296,-26.995602,15.897410,1.949682
26151,9.009381,-3.280056,-2.195483,0.088732,-0.085135,0.433401,-28.045431,17.247190,1.799707
26204,8.504205,-3.201048,-2.233790,0.016521,-0.079406,0.164008,-28.495358,15.897410,1.649731
26258,8.892065,-3.725378,-2.315193,0.039303,-0.091263,0.195317,-27.145578,14.847581,1.499756
26312,8.872911,-4.082114,-2.413355,0.230090,-0.072211,0.279786,-27.595505,14.547630,2.549585
26366,8.678981,-4.046201,-2.525883,0.272591,0.034374,0.265663,-26.995602,13.497801,1.649731
26420,8.286332,-4.331111,-2.475605,0.273391,-0.033175,0.407155,-26.095749,12.597948,1.049829
26474,8.734048,-4.321534,-2.427721,0.120841,-0.063951,0.440196,-25.345871,10.948216,2.249634
26527,8.425196,-4.558560,-2.480393,0.022649,-0.165340,0.501349,-25.345871,10.198339,1.799707
26581,7.702147,-4.855441,-2.585738,-0.218366,-0.178796,0.076741,-25.795797,8.848558,0.899853
26635,8.712500,-5.099649,-2.513912,-0.179995,-0.062485,0.135496,-24.895945,8.548608,0.299951
26689,8.461109,-5.078102,-2.607286,0.046897,-0.081138,0.459781,-24.745968,8.848558,0.899853
26743,8.188169,-5.173870,-2.506729,0.085401,0.002531,0.211571,-25.345871,7.048851,0.299951
26797,8.121132,-5.152322,-2.494758,0.194118,0.013190,0.272991,-24.146067,7.798729,2.249634
26851,7.910442,-5.023035,-2.468422,0.257136,-0.001599,0.204377,-24.745968,7.198827,0.449927
26905,8.161834,-5.147533,-2.454057,0.091796,0.047164,0.125504,-23.246214,6.748900,1.649731
26959,7.931990,-5.245696,-2.461239,-0.053026,0.008394,0.008260,-23.246214,4.799218,1.199805
27013,8.111555,-5.085284,-2.367866,-0.209972,0.005995,-0.029044,-24.895945,6.598925,1.049829
27067,7.979874,-5.504270,-2.324770,-0.196516,0.048763,0.055025,-24.595993,6.298974,0.000000
27120,8.631097,-5.147533,-2.281674,-0.133631,0.097525,0.067415,-22.346359,5.699071,0.449927
27174,8.219295,-5.181053,-2.494758,-0.081538,-0.019585,0.005063,-24.296041,7.198827,-0.449927
27229,8.231265,-5.348647,-2.463634,0.001066,0.016387,-0.032908,-24.146067,7.798729,1.499756
27283,8.149862,-5.262455,-2.585738,0.069946,0.040636,0.054891,-23.396189,7.798729,0.749878
27337,8.140285,-5.166687,-2.499547,-0.018386,0.047963,0.048496,-23.396189,7.048851,0.000000
27391,8.078036,-5.195418,-2.377442,-0.104054,-0.017453,-0.090331,-24.595993,7.048851,1.049829
27445,8.439561,-5.324705,-2.336741,-0.057689,0.053959,-0.001599,-24.595993,6.598925,-1.499756
27499,8.228871,-5.078102,-2.238579,-0.058089,0.143890,0.124571,-23.996090,7.198827,1.949682
27552,8.044518,-5.008670,-2.437297,-0.196516,0.092862,-0.154415,-24.146067,7.798729,1.499756
27606,7.970297,-5.547365,-2.286463,-0.019585,-0.060354,-0.013723,-24.595993,7.048851,0.749878
27660,8.233660,-5.015852,-2.561796,0.199847,0.094194,0.166672,-25.045919,5.699071,1.949682
27714,8.190564,-4.932055,-2.461239,0.167738,0.138560,0.289112,-21.896433,7.048851,1.499756
27768,8.113950,-5.269638,-2.525883,0.036372,0.082603,0.201979,-23.546164,6.448949,1.199805
27822,8.310274,-5.439626,-2.437297,-0.131899,0.105386,0.077541,-22.796286,4.799218,1.949682
27876,8.142680,-5.796362,-2.164358,-0.162675,0.049562,0.217700,-24.595993,5.849047,1.799707
27930,7.948750,-5.604826,-2.221819,-0.296573,0.007194,0.029311,-22.946262,5.399120,1.049829
27984,7.738060,-5.372589,-2.415750,-0.287513,0.034107,0.063018,-23.246214,5.999022,1.199805
28038,7.833828,-5.978322,-2.403779,-0.162809,0.188922,-0.024914,-23.696140,7.048851,1.799707
28091,8.231265,-5.963956,-2.456451,0.121240,0.180795,0.432335,-22.046408,6.748900,2.399609
28145,8.133103,-5.693412,-2.319981,0.115112,0.158412,0.202911,-23.996090,5.999022,2.699560
28199,7.869741,-5.968745,-1.915361,0.045965,0.029711,0.176265,-24.296041,3.299463,2.399609
28253,7.764396,-6.318298,-1.620875,0.144156,0.015588,0.327749,-22.046408,4.499267,3.149487
28308,7.465121,-6.102820,-1.843535,-0.032242,0.034374,0.256737,-22.196384,2.699560,2.249634
28362,7.371747,-6.603208,-1.948880,-0.112181,0.035839,0.301103,-22.346359,2.549585,2.699560
28416,7.671022,-6.023811,-2.279280,-0.185458,0.009326,0.216767,-22.646311,1.949682,2.999511
28470,7.829040,-5.995081,-2.468422,-0.486294,-0.135096,-0.061686,-22.796286,2.849536,2.399609
28524,7.338228,-5.647922,-3.335123,-0.633914,-0.243014,-0.458049,-23.246214,3.299463,2.699560
28577,7.517793,-6.440403,-3.533842,-0.432069,-0.179729,-0.225960,-21.896433,5.399120,0.000000
28631,7.824251,-5.908890,-3.160346,-0.047031,-0.152816,-0.022649,-22.646311,7.048851,-0.299951
28685,8.027759,-5.554548,-2.873042,0.117643,-0.301369,0.020118,-22.196384,5.399120,-0.299951
28739,7.757214,-5.628768,-2.564190,0.147887,-0.329348,-0.071678,-20.546654,4.799218,-1.199805
28793,7.287950,-5.523423,-2.849100,0.133098,-0.254738,-0.115245,-22.646311,5.849047,-1.799707
28847,7.015011,-6.177041,-2.827552,0.214769,-0.184658,-0.048496,-21.896433,5.099169,-0.749878
28901,7.168240,-5.753267,-2.786851,0.214502,-0.000266,0.083802,-19.946751,4.649242,-0.749878
28955,7.364564,-5.813122,-2.674323,0.053959,0.033708,-0.177997,-21.296530,5.699071,-1.649731
29009,7.596802,-5.853823,-2.880225,0.034640,0.037704,-0.145489,-21.296530,4.499267,-1.199805
29064,7.460332,-6.153099,-2.861071,0.093795,0.027979,-0.044100,-21.446507,5.399120,-0.299951
29118,7.460332,-5.817910,-2.815581,0.026113,0.038770,0.020118,-20.246702,4.649242,0.000000
29171,7.302315,-6.356606,-2.741361,-0.015588,0.119375,-0.042767,-22.046408,5.699071,-1.649731
29225,7.738060,-5.937620,-2.846706,0.029311,0.148420,0.081804,-21.446507,4.199316,-1.049829
29279,7.738060,-5.808333,-2.971204,-0.031975,0.071145,0.099390,-22.046408,5.249145,-0.149976
29333,7.735666,-5.705383,-3.004723,-0.180795,0.049162,-0.039570,-22.046408,5.249145,-0.149976
29387,7.469909,-5.810728,-2.863465,-0.175732,-0.005462,-0.052493,-21.446507,5.099169,-1.049829
29440,7.651869,-5.758055,-2.837129,-0.120574,0.034907,-0.016654,-21.446507,6.298974,-0.299951
29495,7.661446,-5.820304,-2.889802,-0.037305,0.048096,0.031709,-22.646311,6.298974,-2.249634
29549,7.580042,-5.566519,-3.002329,-0.047430,0.038770,0.081538,-21.446507,5.849047,-1.499756
29603,7.639898,-5.791574,-2.975993,-0.069813,0.039436,-0.002931,-21.446507,4.199316,-0.749878
29657,7.405266,-5.683835,-3.055001,0.019185,-0.006662,0.064351,-22.796286,6.448949,-1.199805
29711,7.551312,-5.916072,-2.995146,0.082870,0.013456,0.145355,-21.896433,5.399120,-1.499756
29765,7.376535,-5.920861,-2.901772,0.144423,-0.000266,0.163342,-21.446507,5.849047,-1.049829
29819,7.465121,-6.224925,-2.791639,0.200913,-0.004397,0.146954,-20.846603,4.499267,-0.449927
29872,7.498640,-5.949591,-2.710236,0.232622,0.043167,0.221430,-20.696629,3.899365,0.000000
29926,7.249643,-6.160281,-2.722207,0.092862,0.025847,0.002265,-20.846603,2.549585,-0.899853
29980,7.632715,-6.378153,-2.669535,0.026113,0.001199,-0.009193,-20.246702,2.699560,0.299951
30034,7.536947,-6.342240,-2.607286,-0.003864,-0.033308,0.025447,-19.496824,2.249634,0.000000
30087,7.515399,-6.217742,-2.518700,-0.047430,-0.027979,0.016787,-22.046408,3.599414,0.899853
30140,7.431602,-5.954380,-2.523489,-0.113380,0.023449,-0.061020,-19.496824,3.449438,0.299951
30193,7.419631,-6.253655,-2.523489,-0.055025,0.012391,-0.028778,-20.996580,4.649242,1.049829
30245,7.431602,-5.980716,-2.652776,0.003064,0.023449,-0.002132,-21.596481,4.049340,0.149976
30298,7.422025,-6.323087,-2.616863,0.016387,0.029044,-0.005329,-20.696629,4.199316,0.000000
30350,7.553706,-6.277597,-2.746149,0.030910,0.001466,-0.004130,-20.696629,3.899365,0.749878
30403,7.414843,-6.301539,-2.643199,0.042368,-0.008394,0.046498,-21.596481,2.549585,0.149976
30455,7.407660,-6.047753,-2.662352,-0.036372,-0.011724,-0.002265,-20.696629,3.899365,0.000000
30508,7.457938,-6.052542,-2.669535,-0.115245,0.030643,-0.037305,-20.696629,3.899365,0.299951
30560,7.393295,-6.098032,-2.525883,-0.100456,-0.016121,-0.035706,-20.696629,3.149487,0.000000
30614,7.472303,-6.088455,-2.516306,-0.070080,0.023049,-0.024648,-22.196384,4.199316,-0.749878
31500,7.438785,-6.227319,-2.726996,-0.100057,-0.017587,0.071012,-22.346359,5.699071,0.449927
31554,7.740454,-6.502652,-2.808398,0.007461,-0.124038,0.386237,-20.246702,4.649242,0.749878
31609,7.333440,-6.763620,-2.880225,0.197982,-0.224894,0.935816,-20.246702,2.699560,0.299951
31663,6.986280,-6.629545,-3.007117,0.277654,-0.244746,0.815642,-17.397165,0.899853,-0.449927
31717,6.452374,-6.794744,-2.952051,0.140159,-0.219965,0.579689,-19.346848,0.149976,-0.449927
31771,6.143522,-7.228095,-2.765303,0.003864,-0.195983,0.419012,-16.797264,0.000000,-0.749878
31825,6.416461,-7.675811,-2.264915,-0.056890,-0.251541,0.645239,-15.747435,-2.249634,-0.749878
31879,5.590461,-7.680599,-3.224990,-0.102588,-0.397562,1.094628,-15.297508,-1.499756,-1.049829
31933,4.896142,-7.955932,-3.366248,-0.149619,-0.488559,1.263698,-10.948216,-3.299463,-3.149487
31987,4.182671,-8.609550,-3.512294,-0.122440,-0.594211,0.804583,-9.148510,-3.899365,-3.749389
32040,4.857835,-8.166622,-3.727772,-0.136695,-0.478700,0.774740,-7.198827,-6.598925,-4.049340
32094,3.916914,-8.377312,-3.552995,-0.397695,-0.280851,0.301902,-5.549096,-5.249145,-4.949194
32148,3.711013,-8.657434,-3.813963,-0.423276,-0.235953,0.438464,-6.148998,-5.099169,-4.799218
32202,3.809175,-8.552089,-4.388572,-0.451254,-0.248476,0.581821,-4.499267,-5.099169,-5.999022
32256,2.753332,-8.348581,-4.407725,-0.449123,-0.195450,0.645239,-1.799707,-5.099169,-7.048851
32929,-0.577003,-7.694964,-6.912060,-0.427672,0.265130,0.194917,11.998045,3.599414,-15.447483
32983,-0.490811,-7.146692,-6.880936,-0.365853,0.203711,0.441129,11.248168,3.599414,-14.697606
33037,-0.847547,-7.465121,-7.058106,-0.574360,0.264997,0.562902,10.648265,6.298974,-15.747435
33091,-1.333570,-7.127539,-7.062895,-0.487493,0.411685,1.064917,9.298485,6.448949,-14.697606
33145,-1.558625,-6.775591,-7.405266,-0.809380,0.864005,0.760750,11.248168,8.398632,-16.647287
33199,-1.230620,-6.490681,-7.781156,-1.018686,0.930753,1.112614,9.298485,9.598436,-16.947239
33253,-1.302446,-5.961562,-8.408437,-1.122207,0.754089,1.615296,9.298485,11.548119,-17.697117
33307,-1.704672,-5.861006,-8.552089,-1.024282,0.569564,1.537355,7.948705,14.097703,-18.297020
33361,-0.878672,-4.639963,-8.384495,-0.643907,0.463778,1.444493,8.248656,15.447483,-19.946751
33415,-1.158794,-4.412514,-8.547300,-0.540786,0.677348,1.079706,7.348803,17.847092,-18.896921
33469,-1.180341,-4.429273,-8.441956,-0.155348,0.674017,0.924225,4.799218,17.847092,-18.896921
33523,-0.627281,-4.065354,-8.920795,-0.177198,0.688539,0.821637,4.349291,19.046898,-17.697117
33577,-0.984017,-4.079720,-9.208099,-0.064484,0.553443,1.115145,3.449438,17.697117,-18.297020
33631,-1.053449,-4.134786,-9.265560,-0.060354,0.744363,0.952603,2.399609,19.346848,-17.697117
33685,-0.897826,-4.108450,-9.186552,-0.175865,0.777404,1.082371,2.549585,17.247190,-18.297020
33739,0.541090,-3.414132,-9.145850,-0.134830,0.858009,1.046931,-0.149976,17.097216,-18.446995
33793,0.021548,-3.598485,-9.382876,-0.150285,0.912767,1.090098,-2.399609,16.197361,-18.147043
33847,1.146823,-3.473987,-9.586384,-0.053426,0.640576,1.099158,-1.649731,16.197361,-16.197361
33901,1.125275,-3.418920,-9.806650,-0.102588,0.587417,0.944343,-4.499267,16.047386,-15.747435
33955,2.367866,-2.619257,-9.856929,-0.170136,0.593145,0.555708,-5.249145,16.047386,-15.747435
34009,1.975216,-2.568978,-9.868899,-0.069280,0.499750,0.226893,-4.949194,14.847581,-15.297508
34062,1.601721,-2.786851,-9.888053,0.031842,-0.289245,-0.094461,-6.598925,15.447483,-15.447483
34116,1.364695,-3.038242,-9.624691,0.130966,-0.767145,-0.356527,-5.549096,14.697606,-15.447483
34170,2.015918,-2.568978,-9.835381,0.088599,-0.506145,-0.719049,-4.499267,16.047386,-15.747435
34224,0.761356,-3.002329,-9.574412,-0.042368,-0.289645,-0.847484,-3.749389,16.047386,-16.797264
34278,-0.407014,-3.452439,-9.447520,0.069946,-0.461380,-0.974187,-3.149487,15.897410,-16.947239
34332,2.023100,-3.282450,-8.911219,-0.036639,-0.145755,-1.205343,-2.999511,17.247190,-17.997068
34386,-0.804452,-4.067749,-9.493010,0.055691,0.153216,-1.062786,-3.899365,19.796776,-17.697117
34440,0.497994,-2.999935,-10.072407,-0.081804,-0.302302,-0.895847,-2.249634,18.896921,-16.047386
34494,0.086191,-3.299210,-9.971850,0.104853,-0.582354,-0.927156,-3.149487,18.596970,-16.197361
34548,0.967257,-2.825158,-10.012551,-0.085401,-0.805916,-0.821770,-1.049829,17.997068,-17.997068
34601,1.094150,-2.762909,-9.658210,-0.200779,-0.505479,-0.889851,-3.149487,20.246702,-18.446995
34655,-0.165200,-2.918532,-9.265560,-0.191986,-0.277121,-1.085568,0.749878,22.046408,-17.997068
34710,0.636858,-2.827552,-9.457097,-0.162409,-0.399827,-0.978583,0.449927,23.696140,-16.197361
34764,0.636858,-2.999935,-9.473856,-0.154681,-0.099657,-1.100090,2.249634,23.546164,-17.247190
34818,0.296881,-3.363853,-9.533711,-0.165207,-0.130966,-1.104753,2.099658,24.595993,-17.397165
34872,0.833182,-2.985569,-9.648633,-0.091663,-0.246877,-1.043467,2.249634,24.745968,-17.997068
34926,0.565032,-2.774880,-9.452309,-0.051161,-0.276855,-1.089832,1.799707,26.695652,-18.746946
34979,0.383072,-3.335123,-9.409213,0.033974,-0.265530,-1.095161,3.749389,26.695652,-18.297020
35033,0.984017,-3.545813,-9.433155,0.067415,-0.274856,-1.026280,2.249634,27.145578,-17.997068
35087,0.696713,-3.524265,-9.562442,0.055158,-0.203044,-0.981914,2.849536,27.745480,-18.896921
35140,0.332794,-3.442862,-9.674969,-0.098191,-0.338008,-0.915032,5.099169,26.845627,-17.397165
35194,-0.318429,-3.998317,-9.414001,-0.106319,-0.341871,-0.788995,5.549096,28.495358,-17.397165
35248,0.509965,-3.840300,-9.184157,-0.182394,-0.224894,-0.638577,7.348803,27.295553,-17.397165
35302,-0.198719,-3.830723,-9.373300,-0.108051,-0.040502,-0.619659,6.298974,28.795309,-17.397165
35355,0.330400,-3.296816,-9.265560,-0.242614,-0.065816,-0.450588,7.198827,28.345383,-17.997068
35409,0.373495,-3.162740,-9.289502,-0.105519,0.226227,-0.461779,6.448949,30.295065,-16.797264
35463,0.296881,-3.141193,-9.521740,-0.067548,0.073410,-0.420744,5.249145,31.044943,-17.247190
35517,0.421380,-2.896984,-9.564836,0.018119,-0.301636,-0.343470,8.548608,29.695162,-18.896921
35571,0.351948,-2.401384,-9.270349,0.017720,-0.481897,-0.261666,7.948705,29.395212,-19.496824
35625,0.699107,-2.221819,-9.358934,0.043034,-0.209839,-0.342404,8.698583,30.595016,-18.297020
35679,0.730232,-2.200271,-9.734824,0.083669,0.050095,-0.441528,9.148510,29.395212,-17.547142
35734,0.002394,-2.489970,-9.859323,0.009726,0.031975,-0.516005,9.148510,30.295065,-17.247190
35788,0.617704,-2.264915,-9.856929,0.037172,-0.111381,-0.546115,9.748412,29.695162,-17.697117
35842,0.675165,-2.542642,-9.871294,0.026113,-0.047564,-0.656697,10.498290,29.695162,-17.697117
35896,0.313640,-2.810793,-9.753978,-0.002931,-0.145222,-0.643107,9.298485,29.245235,-18.147043
35950,0.349553,-2.894590,-9.581595,0.031176,-0.199580,-0.638044,11.398143,30.595016,-18.746946
36004,-0.524330,-3.473987,-9.548077,0.025714,-0.231289,-0.608201,11.398143,30.295065,-18.746946
36058,-0.366313,-3.186682,-9.524135,-0.012657,-0.254472,-0.480965,11.698094,29.995113,-17.697117
36111,-0.320823,-2.908955,-9.452309,0.037571,-0.157479,-0.362922,12.597948,29.845139,-17.547142
36165,-0.392649,-3.299210,-9.634268,0.033708,-0.016787,-0.272058,11.698094,29.995113,-17.697117
36219,-0.050278,-3.028665,-9.763555,-0.054092,0.104054,-0.168937,11.848070,28.345383,-19.796776
36273,-0.138864,-2.863465,-9.500193,-0.041701,0.019585,-0.083936,13.797752,30.295065,-17.997068
36326,-0.105345,-3.026271,-9.576807,0.100590,-0.028112,-0.120308,13.797752,29.095261,-17.997068
36380,0.234632,-3.019088,-9.794679,0.049828,-0.074476,-0.077541,13.797752,30.295065,-16.047386
36434,0.313640,-2.779668,-9.612720,0.004663,0.033708,-0.050361,12.597948,29.395212,-18.297020
36488,0.086191,-2.808398,-9.550470,0.012257,0.118443,-0.024515,13.347826,29.845139,-18.746946
36543,0.160412,-3.016694,-9.682152,-0.022783,0.060221,-0.004796,13.197850,29.695162,-17.397165
36597,0.440533,-2.837129,-9.744401,0.038770,-0.013057,-0.026646,11.848070,28.645334,-19.046898
36651,0.471658,-2.655170,-9.708488,0.021717,-0.086201,0.012524,12.747923,29.245235,-17.697117
36705,0.493206,-2.588132,-9.722853,0.024781,0.021450,-0.038504,13.797752,28.645334,-16.797264
36759,0.821211,-2.343924,-9.859323,-0.053426,0.056090,-0.055158,12.747923,29.695162,-18.147043
36813,0.600945,-2.375048,-9.797073,-0.025980,0.091796,-0.169870,13.947728,28.045431,-19.196873
36867,0.641646,-2.667141,-9.804255,-0.045832,-0.051560,-0.209173,13.347826,28.645334,-18.746946
36921,0.426168,-3.100491,-9.607931,-0.065417,-0.128835,-0.236352,13.347826,29.095261,-18.746946
36975,0.088585,-3.031059,-9.323022,-0.081804,-0.143623,-0.164141,13.947728,29.995113,-19.196873
37029,-0.177171,-2.925714,-9.303867,0.015855,-0.120175,-0.129501,13.797752,27.895456,-16.797264
37083,-0.086191,-2.968810,-9.409213,0.063551,-0.051161,-0.031043,14.547630,29.845139,-19.496824
37137,0.062249,-2.837129,-9.694122,0.096859,0.032375,0.000133,16.047386,29.095261,-18.746946
37191,0.270545,-2.760514,-9.727641,0.026113,0.043833,0.045032,15.297508,27.895456,-18.746946
37245,0.229843,-2.762909,-9.861717,0.029311,0.031176,0.055557,14.097703,29.845139,-17.547142
37299,0.502782,-2.588132,-9.904813,-0.080472,0.116844,0.061686,12.597948,28.345383,-18.297020
37353,0.399832,-2.729390,-9.607931,-0.079539,0.165740,0.032375,13.797752,28.645334,-17.547142
37407,0.538695,-2.549825,-9.572019,-0.047963,0.082470,0.052093,13.947728,29.995113,-16.947239
37461,0.586579,-2.681506,-9.710882,-0.029844,0.056224,-0.007061,12.597948,29.845139,-18.297020
37515,0.691924,-2.715025,-9.727641,-0.044632,-0.008527,-0.033708,13.497801,29.245235,-18.896921
37569,0.732626,-2.504335,-9.677363,-0.023848,-0.044899,-0.107118,12.447972,28.045431,-17.697117
37623,0.701501,-2.279280,-9.605537,0.016387,-0.078606,-0.129101,13.947728,28.795309,-18.896921
37677,1.247379,-2.351106,-9.797073,-0.038371,0.120175,-0.321221,13.347826,29.095261,-17.547142
37731,1.331176,-2.358289,-9.619903,-0.056490,0.090864,-0.396096,13.047874,28.645334,-18.297020
37785,0.476446,-3.083732,-9.402030,0.033708,-0.093662,-0.472305,13.797752,29.095261,-18.297020
37839,0.253785,-3.378219,-9.301474,0.044632,-0.324685,-0.449789,14.697606,28.495358,-17.697117
37893,-0.067038,-3.447650,-9.062054,0.152017,-0.365853,-0.368251,14.397655,28.795309,-18.147043
37947,-0.330400,-3.610456,-8.738836,0.310029,-0.190254,-0.290178,16.647287,27.745480,-17.697117
38001,0.198719,-3.883395,-8.003817,0.492689,0.155214,-0.276721,15.297508,27.145578,-18.746946
38055,-0.081403,-4.434062,-6.253655,1.143790,0.445525,-0.403691,14.847581,24.745968,-17.547142
38109,0.995988,-5.904101,-6.337452,1.530028,0.344669,-0.583553,13.197850,21.446507,-18.147043
38162,1.386243,-7.843405,-6.897695,2.810513,0.657763,-0.812977,13.347826,16.047386,-16.497313
38216,1.649605,-6.988675,-6.557718,2.014723,0.189055,-0.416214,11.398143,9.748412,-13.797752
38270,1.939303,-8.944737,-6.275203,2.507945,0.409819,-0.152150,11.698094,4.799218,-13.947728
38325,2.190695,-8.714894,-5.530606,1.879360,0.643374,0.111515,10.048363,0.149976,-9.898388
38379,4.232949,-10.072407,-5.135562,2.144357,1.109150,-0.432202,7.798729,-2.849536,-7.948705
38432,3.576937,-8.178593,-3.799598,2.953203,2.359392,-1.153516,2.999511,-7.348803,-1.049829
38486,5.257667,-8.269572,-2.954445,2.081205,1.958899,-1.766113,0.149976,-11.548119,3.149487
38540,5.590461,-9.588778,-2.286463,2.565367,1.858309,-0.410885,-5.549096,-12.297997,8.698583
38594,7.429208,-8.547300,-1.640028,0.991907,1.256371,-1.562536,-9.748412,-14.247679,12.897899
38648,7.855376,-8.978256,-0.553061,0.384639,1.539753,-2.094395,-12.747923,-12.747923,16.197361
38702,7.675811,-8.087613,0.270545,-0.377444,1.884423,-2.509144,-18.596970,-9.148510,18.896921
38756,7.000646,-6.773197,1.927332,-0.810845,1.472338,-1.861773,-23.246214,-5.699071,21.146555
38810,9.643845,-6.270414,2.365471,-0.904374,1.855378,-3.050596,-26.245724,-0.149976,21.446507
38864,8.104373,-5.453991,3.186682,-0.684675,1.564934,-2.684743,-31.044943,7.048851,25.495846
38918,8.113950,-4.532224,3.442862,-0.323219,0.579156,-0.752224,-32.544697,9.748412,27.745480
38972,8.456321,-2.607286,3.217807,-0.329081,0.425940,-0.630184,-33.744503,12.897899,28.795309
39026,9.141062,-2.887407,3.105280,-0.514406,0.231556,-0.538387,-32.244747,13.347826,29.245235
39079,9.562442,-3.026271,2.779668,-0.768345,0.357859,-1.017087,-35.094284,15.897410,29.395212
39133,10.347740,-2.741361,2.621651,-0.756221,-0.200247,-0.869067,-35.094284,19.346848,30.145090
39187,10.627861,-3.136404,2.564190,-0.461779,-0.406222,-0.044499,-33.894478,18.297020,28.945284
39241,8.808268,-2.985569,2.810793,-0.124571,-1.032009,-0.562103,-34.344406,19.796776,27.895456
39295,9.258378,-3.157952,2.030283,0.176665,-1.131933,-0.056224,-35.694183,21.596481,24.745968
39349,9.210494,-2.858677,1.604115,0.300969,-1.004031,0.211971,-34.344406,20.246702,22.196384
39403,8.892065,-4.091691,1.625663,0.432202,-1.237052,0.659761,-34.194431,19.646799,19.496824
39457,8.101978,-5.195418,1.182736,0.498951,-1.483796,1.810213,-31.194918,18.596970,16.647287
39511,10.129868,-6.294356,1.410185,0.553576,-1.698698,2.567899,-28.345383,8.998534,13.047874
39565,9.095572,-4.505888,1.450886,-0.003198,-1.373614,0.764881,-26.695652,6.748900,12.148021
39619,9.026140,-5.130774,1.027112,-0.504280,-0.888119,0.775672,-24.146067,6.298974,10.048363
39673,7.551312,-5.659893,0.713472,-0.270859,-0.405423,1.182294,-22.196384,4.649242,7.798729
39727,7.551312,-4.560954,-0.445322,-0.123505,-0.205842,0.453786,-21.896433,2.699560,7.798729
39781,5.813122,-6.057330,-0.658405,0.009726,-0.040902,0.766879,-20.996580,1.499756,6.298974
39835,7.694964,-5.511452,-1.359907,0.058622,0.046364,0.569697,-20.546654,-0.449927,5.699071
39888,7.196970,-6.349423,-1.613692,-0.177730,0.173467,0.291510,-19.646799,-0.149976,4.649242
39942,7.455544,-6.921637,-1.201889,-0.221430,0.174533,-0.068881,-20.996580,0.000000,7.798729
39997,7.244854,-7.122750,-1.060631,-0.051694,0.031443,0.253139,-20.246702,0.299951,5.999022
40050,6.607996,-6.438008,-0.909797,-0.025314,0.166139,0.196783,-20.096725,0.449927,5.399120
40104,7.455544,-6.600814,-0.701501,-0.057023,0.324418,0.746361,-19.196873,-0.749878,7.048851
40157,6.926425,-6.866570,-0.622492,-0.091930,0.501749,-0.213436,-19.196873,-1.499756,8.248656
40210,6.959944,-7.524976,-0.957681,-0.161876,0.357859,-0.310828,-20.696629,-1.049829,7.498778
40264,7.582437,-7.508216,-1.113304,0.020118,0.160544,-0.100590,-21.596481,0.149976,8.398632
40318,7.503428,-6.830657,-1.146823,-0.100456,0.133098,-0.385704,-18.746946,0.299951,8.248656
40372,7.436390,-6.852205,-0.981623,-0.298704,0.158279,-0.296440,-22.646311,1.949682,7.798729
40426,7.230489,-7.137115,-0.907402,-0.243413,0.206242,-0.259135,-23.546164,0.899853,7.948705
40479,7.242460,-7.012617,-0.797269,-0.089398,0.089931,0.067548,-22.346359,1.349780,8.398632
40533,7.249643,-6.648698,-0.646434,-0.067282,0.012124,0.080605,-23.546164,2.849536,8.398632
40588,7.321469,-6.885724,-0.660800,0.066083,0.030110,0.420611,-22.646311,1.499756,8.998534
40641,7.034164,-6.833052,-0.529119,0.169870,0.077541,0.262998,-23.396189,0.749878,8.548608
40695,6.100426,-8.573636,-0.253785,0.763548,-0.175466,1.820072,-21.896433,0.000000,9.748412
40749,5.734113,-7.659051,-0.055067,1.056257,0.094727,1.460348,-17.397165,-5.699071,9.898388
40803,5.741296,-7.936779,0.426168,1.283550,-0.017986,2.073877,-14.397655,-9.148510,12.447972
40857,4.517859,-8.197746,0.787692,0.738368,0.233155,1.322187,-11.848070,-11.698094,13.047874
40911,3.538630,-9.895236,0.883460,0.166273,-0.015055,1.380675,-10.648265,-14.847581,16.047386
40965,3.713407,-9.528923,0.797269,-0.008926,0.032908,1.553743,-5.549096,-15.897410,15.447483
41019,1.522712,-10.093954,0.730232,-0.230224,-0.173334,1.916132,-2.249634,-17.247190,14.247679
41073,0.253785,-10.472239,0.859518,-0.373980,-0.027712,1.085968,1.499756,-18.896921,14.547630
41127,1.482011,-9.004593,0.486023,-0.323885,-0.106985,1.951305,4.199316,-18.896921,12.747923
41180,-0.512359,-10.311827,0.277727,-0.159345,-0.220764,3.307466,8.398632,-17.247190,12.747923
41234,-2.185906,-11.707646,0.131681,-0.213436,-0.207441,1.074243,15.747435,-17.997068,11.548119
41288,-1.149217,-8.463503,0.497994,0.066749,-0.223828,0.785798,17.847092,-16.197361,12.897899
41342,-3.634398,-10.295067,0.794875,-0.071812,0.021850,0.354395,19.196873,-17.247190,11.248168
41396,-2.102109,-9.361329,0.763750,0.003198,0.155481,-0.080205,20.246702,-16.047386,12.297997
41450,-2.755726,-9.172187,0.811634,0.051694,0.161210,0.042900,19.196873,-16.797264,13.047874
41503,-3.232172,-10.251971,0.596156,0.036372,0.266596,-0.016654,20.846603,-17.397165,12.897899
41557,-2.501941,-9.533711,0.502782,-0.059554,0.328415,-0.282450,20.546654,-17.097216,13.197850
41611,-2.561796,-9.572019,0.409408,-0.086867,0.128035,-0.080205,19.946751,-16.047386,13.497801
41665,-3.177106,-10.055647,0.414197,-0.200380,0.218233,-0.158812,19.646799,-16.647287,11.398143
41719,-1.333570,-8.865729,0.198719,-0.244613,0.218233,-0.359058,18.596970,-17.097216,10.948216
41773,-3.033453,-9.387665,0.107739,-0.374513,0.528129,-0.768211,17.847092,-14.697606,11.398143
41827,6.303933,-7.223307,-1.458069,-1.986345,1.621424,-4.365721,13.497801,-15.897410,8.398632
41881,3.296816,-14.226347,-3.983952,-3.204078,2.422677,-4.365721,-3.149487,-11.998045,5.399120
41934,2.952051,-10.943896,-3.608062,-2.420012,0.849083,-4.365721,-17.397165,-0.149976,1.949682
41988,5.640739,-6.909666,-5.722142,-1.932119,1.657530,-4.365721,-24.146067,12.897899,2.249634
42043,5.054160,-5.652710,-1.891419,-0.976319,0.356527,-0.648170,-25.345871,21.146555,3.299463
42096,7.101202,-5.334281,-2.286463,0.072478,0.021051,0.139360,-28.045431,22.796286,4.799218
42150,12.023681,0.220267,-3.529053,-0.325084,0.372648,-1.051061,-27.445528,20.546654,3.899365
42204,8.465898,-4.651934,-2.671929,-0.902908,0.614862,-0.204643,-26.995602,22.946262,4.649242
42258,7.934384,-4.290410,-2.365471,-0.012391,-0.032109,0.481231,-27.445528,24.895945,6.898876
42312,9.967062,-2.717419,-3.052607,0.213170,-0.051161,0.637778,-27.595505,22.796286,6.298974
42366,8.801085,-3.948039,-2.803610,-0.042634,0.076342,0.189721,-27.595505,22.046408,5.549096
42420,8.875306,-3.837905,-2.719813,0.027446,-0.029711,0.221297,-27.745480,22.496336,5.399120
42474,9.006987,-4.192247,-2.688689,-0.117510,0.009326,-0.006528,-27.145578,21.146555,5.999022
42528,8.097190,-4.675876,-2.600103,0.027312,-0.074743,0.194384,-28.195406,20.246702,5.699071
42582,7.654263,-4.905719,-2.499547,0.259934,-0.261933,0.751691,-27.745480,19.346848,5.699071
42636,5.384560,-7.884106,-2.355895,0.677214,-1.084236,3.440297,-26.245724,16.197361,4.649242
42690,7.424419,-9.627085,-4.551377,1.637945,-2.582954,4.365588,-16.797264,2.699560,2.549585
42744,6.438008,-8.767567,-4.223372,1.104087,-1.949839,4.365588,-6.598925,-6.448949,0.449927
42798,3.375824,-8.564059,-3.076549,0.286714,-0.678413,1.432769,-0.299951,-9.448461,1.049829
42852,-0.502782,-9.203311,-2.427721,0.247677,-0.273657,1.090231,2.849536,-11.548119,0.149976
42906,-0.095768,-9.528923,-2.815581,0.081538,-0.386903,1.064251,5.099169,-13.947728,2.699560
42960,-0.873884,-10.137050,-2.772485,0.227159,-0.201712,1.324585,6.898876,-12.597948,2.249634
43014,-1.788469,-9.897630,-2.468422,0.250208,-0.315092,1.625954,10.498290,-12.747923,1.949682
43068,-2.317587,-9.902418,-2.379837,0.676815,-0.262599,1.971156,13.497801,-13.047874,2.399609
43122,-2.068590,-8.398860,-1.647211,0.563568,-0.420345,1.106752,19.496824,-13.647777,3.749389
43177,-3.557784,-9.145850,-1.300052,0.389435,-0.238351,0.642974,19.346848,-14.247679,6.448949
43230,-0.691924,-7.922413,-1.719037,0.082337,0.333211,-1.523766,20.096725,-14.247679,4.649242
43284,4.003105,-9.078813,-2.758120,-1.166706,1.919729,-4.365721,10.498290,-14.697606,3.899365
43338,-0.969652,-14.233529,-2.913743,-1.648870,1.633282,-4.365721,-8.248656,-7.648754,3.899365
43392,7.678205,-8.252813,-3.627216,-1.211072,0.275789,-3.396864,-15.747435,-1.949682,2.999511
43446,6.375759,-7.196970,-3.624821,-1.098891,1.415049,-3.354096,-21.596481,7.198827,3.899365
43500,3.442862,-10.105926,-2.327164,-0.376511,-0.327482,1.793426,-23.246214,12.747923,2.399609
43554,4.663905,-12.878411,-4.012682,2.327683,-2.402426,4.365588,-19.946751,4.649242,2.999511
43608,5.887342,-8.916007,-4.434062,1.269960,-2.708058,4.365588,-1.799707,-12.148021,2.549585
43661,4.256891,-7.831434,-3.186682,0.890784,-0.575426,2.091997,13.947728,-13.947728,2.699560
43715,1.570596,-5.640739,-2.133234,0.610199,1.388536,-3.500384,14.397655,-14.697606,5.699071
43769,1.266533,-11.504139,-2.794033,-1.564934,1.329648,-4.365721,-1.649731,-12.297997,4.199316
43823,2.961627,-10.649409,-3.095703,-1.663792,0.622856,-3.101490,-13.497801,-4.499267,3.449438
43878,2.430115,-11.779472,-2.645593,-0.869734,0.246611,0.258335,-17.397165,0.149976,2.399609
43932,0.969652,-13.721169,-3.706224,1.935051,-1.835927,4.365588,-11.248168,-4.799218,2.699560
43986,6.131551,-6.816292,-3.651158,1.255305,-2.616528,4.033309,0.149976,-11.098192,2.399609
44040,9.720459,-6.801927,-2.224213,-0.123905,1.259035,-2.612132,6.448949,-12.897899,3.299463
44094,0.193930,-11.331757,-2.815581,-1.334178,3.270161,-3.430571,-2.549585,-13.347826,4.499267
44148,-1.113304,-11.628637,-3.224990,-1.468741,2.363655,-0.945942,-10.648265,-7.348803,3.749389
44202,-1.122881,-11.820174,-3.105280,-0.213969,-1.710289,1.413051,-11.698094,-6.448949,3.899365
44255,2.585738,-10.563218,-4.249708,1.700430,-4.153484,1.812078,-6.298974,-8.848558,2.399609
44309,12.995727,-3.969586,-1.745373,0.723312,-0.430204,-0.234620,2.099658,-11.098192,2.399609
44363,0.572214,-10.263943,-2.925714,-1.077175,3.679181,-2.187124,-2.549585,-10.948216,3.299463
44417,-1.000776,-10.623073,-2.738967,-1.267029,2.677548,-0.931819,-8.998534,-8.848558,5.399120
44471,-0.658405,-12.459426,-3.550601,0.316424,-2.301037,1.150985,-10.648265,-8.248656,4.049340
44525,4.685453,-9.703699,-4.477157,1.748260,-4.054226,1.186291,-4.349291,-10.348314,3.149487
44579,8.324639,-5.887342,-2.329558,-0.339606,1.215469,-1.710689,-1.499756,-11.398143,2.549585
44633,-0.136469,-10.534488,-3.665523,-1.427972,3.390069,-1.826734,-9.598436,-8.248656,2.549585
44687,1.757344,-10.453085,-2.995146,-1.174833,1.999534,-1.421711,-12.597948,-5.849047,4.049340
44741,2.810793,-9.935937,-2.351106,0.166273,-0.193319,-0.772208,-16.647287,-2.099658,4.649242
44795,5.968745,-8.046912,-2.813187,0.517070,-0.919296,0.862806,-16.497313,-3.449438,4.799218
44849,5.480328,-8.121132,-2.454057,-0.100323,0.393698,-0.175466,-15.897410,-2.849536,5.699071
44903,4.319140,-8.441956,-2.293645,-0.143623,0.411152,0.481764,-17.097216,-2.849536,6.898876
44957,4.716578,-8.494628,-2.161964,-0.026913,0.292176,1.015622,-16.497313,-4.649242,4.799218
45011,4.244920,-8.573636,-2.341529,0.020784,0.474037,0.335343,-14.097703,-6.598925,5.549096
45063,4.015076,-8.875306,-2.434903,-0.124305,0.640842,0.292309,-15.747435,-6.598925,7.798729
45116,3.955221,-9.208099,-2.389413,-0.524798,1.091297,-0.068481,-14.847581,-5.849047,7.498778
45169,2.303222,-9.804255,-2.123657,-0.385438,0.703328,0.259268,-13.197850,-6.448949,7.198827
45221,4.146757,-8.949526,-1.963245,-0.197848,0.378776,0.575559,-16.047386,-7.798729,7.798729
45274,3.706224,-9.129091,-2.149993,-0.148286,0.721314,0.480032,-15.747435,-7.348803,8.548608
45326,3.351882,-9.220071,-2.063802,-0.243147,0.778737,0.222896,-15.747435,-8.548608,7.798729
45379,3.438074,-9.483433,-2.097321,-0.273923,0.654832,0.267795,-15.897410,-7.198827,9.448461
45431,3.948039,-9.421184,-2.054225,-0.156280,0.654698,0.195184,-14.847581,-7.798729,10.498290
45484,3.916914,-9.200917,-1.996764,-0.193319,0.710922,0.067815,-15.897410,-7.948705,11.698094
45536,3.301604,-9.318233,-2.068590,-0.133764,0.502415,0.168404,-16.047386,-9.448461,10.798241
45589,3.660734,-8.884883,-2.145205,-0.165074,0.385038,-0.029044,-16.197361,-7.648754,11.698094
45641,3.620033,-8.786720,-2.032677,-0.181861,0.355461,0.217167,-17.397165,-8.398632,11.698094
45694,3.438074,-8.937555,-2.063802,-0.185058,0.362522,-0.084069,-17.247190,-7.348803,12.297997
45746,4.290410,-9.033323,-2.176329,-0.163475,0.423809,-0.029577,-17.397165,-9.148510,12.897899
45800,3.280056,-9.227253,-2.293645,-0.342404,0.444992,-0.120974,-19.496824,-7.348803,11.998045
46154,3.711013,-8.817844,-2.185906,0.057956,-0.085401,0.015322,-17.997068,-8.548608,13.797752
46207,3.715801,-8.863335,-2.319981,-0.018652,0.068348,0.033041,-19.496824,-7.798729,14.997557
46261,3.483563,-8.927979,-2.135628,-0.117110,0.134697,-0.000266,-18.746946,-8.548608,13.497801
46315,3.895366,-9.414001,-1.788469,-0.047031,0.206242,0.078740,-17.847092,-8.398632,14.397655
46368,3.809175,-9.825804,-1.769315,0.007594,0.367185,-0.158545,-17.847092,-9.598436,13.947728
46422,4.015076,-9.615114,-2.020706,-0.054358,0.389835,-0.121773,-17.097216,-8.848558,14.397655
46477,3.423708,-8.959103,-2.109292,-0.089398,0.149885,0.005462,-19.196873,-7.348803,14.247679
46530,3.715801,-8.611943,-2.087744,0.003331,-0.147620,-0.126170,-18.596970,-8.398632,13.647777
46584,3.722984,-8.777143,-2.049437,0.124172,-0.403957,0.196783,-17.847092,-8.848558,14.397655
46638,3.560178,-9.306262,-2.078167,0.066216,-0.615528,0.131100,-17.847092,-8.848558,15.447483
46692,4.031836,-9.232041,-2.319981,0.061819,-0.647237,0.057423,-16.497313,-10.498290,12.747923
46746,2.430115,-10.223241,-2.080561,0.026380,-0.937815,-0.266462,-16.797264,-6.598925,11.548119
46800,4.422091,-9.406818,-2.485181,0.332945,-1.145389,0.526663,-15.897410,-9.148510,10.198339
46854,3.541024,-9.088389,-2.327164,0.247011,-0.835626,-0.212504,-13.497801,-9.598436,10.648265
46908,2.705448,-9.117120,-2.425326,0.156413,-0.865204,0.316424,-13.047874,-10.198339,8.998534
47789,-1.434127,-10.534488,-2.322376,0.598208,-0.724245,1.733338,12.297997,-14.097703,2.549585
47843,-1.493982,-9.196129,-2.267309,0.597809,-0.742498,2.169937,15.297508,-12.597948,4.049340
47897,-2.518700,-9.294291,-1.142034,0.625920,-0.462712,1.630750,21.296530,-13.497801,4.199316
47951,-3.998317,-8.961497,-0.711078,0.470040,-0.116044,1.278487,23.546164,-11.998045,6.148998
48005,-4.838682,-8.470686,-0.371101,0.345469,0.077274,0.845752,26.245724,-11.998045,6.898876
48060,-4.644751,-8.662222,-0.715866,0.269527,0.131233,0.660028,29.545187,-12.148021,7.498778
48114,-4.805163,-8.645462,-0.768539,0.183593,0.208773,0.390634,28.795309,-12.897899,6.748900
48168,-4.987122,-8.396465,-0.854730,0.079806,0.256737,0.330946,28.795309,-10.948216,8.248656
48222,-5.992687,-8.564059,-1.029507,0.042234,0.259002,0.107251,29.695162,-12.297997,7.648754
48276,-5.695806,-8.080431,-0.955287,0.022649,0.171602,0.080472,29.545187,-10.498290,7.498778
48330,-5.861006,-8.212111,-0.847547,-0.010126,0.091663,-0.033175,30.744991,-11.698094,7.798729
48384,-5.734113,-8.564059,-0.679953,-0.018386,0.048496,-0.018519,30.295065,-11.698094,7.798729
48437,-5.252879,-8.202535,-0.639252,-0.027712,0.073810,0.042101,29.545187,-12.148021,7.798729
48491,-5.659893,-8.183381,-0.533907,-0.052493,0.055557,-0.009193,31.644844,-9.898388,7.648754
48545,-5.228937,-8.362947,-0.780510,-0.046631,0.025047,0.038637,31.044943,-10.498290,7.048851
48944,-4.592079,-8.449138,-0.907402,-0.023982,0.052227,-0.273657,27.145578,-13.347826,7.498778
48998,-5.267244,-8.458714,-0.876278,-0.003730,0.033441,-0.256870,26.995602,-11.098192,6.448949
49052,-4.903325,-8.741230,-0.991199,-0.003198,0.012790,-0.404090,28.795309,-11.698094,7.798729
49106,-4.350265,-8.645462,-0.948104,0.025980,0.048629,-0.482031,26.245724,-11.998045,8.398632
49160,-5.149928,-8.944737,-0.871489,0.018519,-0.011058,-0.685475,25.345871,-14.097703,7.498778
49215,-3.086126,-9.018958,-0.905008,-0.150551,0.164008,-1.121541,24.146067,-12.897899,5.999022
49269,-4.314352,-10.010158,-0.847547,-0.138827,0.103387,-1.485395,20.846603,-14.697606,7.648754
49323,-2.183512,-9.533711,-1.074997,-0.243014,0.124838,-1.018020,17.247190,-15.747435,6.748900
49377,-3.258508,-10.429143,-1.199495,-0.193185,0.246345,-1.138194,15.897410,-15.147532,6.898876
49431,-1.034295,-9.521740,-1.369483,-0.307364,0.186790,-0.655764,13.497801,-16.197361,6.148998
49485,-1.448492,-10.426748,-1.616086,-0.242348,0.257403,-1.030277,11.248168,-15.447483,6.148998
49539,-0.105345,-9.521740,-1.462857,-0.194518,0.133764,-1.088766,9.748412,-14.697606,5.399120
49593,0.059855,-9.926360,-1.735796,-0.241149,0.184925,-1.376812,4.949194,-14.547630,4.049340
49646,1.194707,-9.940725,-1.960851,-0.134164,0.129101,-1.699364,2.549585,-12.897899,4.499267
49700,2.087744,-10.299856,-1.869871,0.140426,0.124704,-2.177265,-0.299951,-12.597948,4.799218
49754,3.066972,-9.900024,-1.695095,0.148686,0.179462,-1.860441,-5.849047,-10.348314,5.399120
49808,3.313575,-9.485827,-1.623269,0.142291,0.191587,-1.384139,-7.948705,-9.748412,5.549096
49862,3.414132,-8.714894,-1.285686,-0.032375,0.203444,-0.943277,-11.098192,-8.548608,6.748900
49916,4.283227,-8.604761,-1.577779,-0.136162,0.035573,-0.299237,-11.698094,-7.648754,6.448949
49971,4.917690,-8.738836,-1.776498,-0.231023,0.026113,-0.169470,-11.698094,-6.448949,5.699071
50025,5.001487,-9.279925,-1.807622,-0.189455,0.055424,-0.168538,-13.497801,-5.699071,6.448949
50078,4.666299,-8.647857,-1.714248,-0.029044,0.010792,-0.200380,-13.497801,-4.799218,5.399120
50132,4.644751,-8.595184,-1.675941,0.010925,-0.027845,-0.166539,-14.397655,-5.699071,6.148998
50185,5.027823,-8.602366,-1.829170,0.056757,-0.045565,-0.227159,-14.697606,-5.249145,5.699071
50239,5.576096,-8.329428,-1.668759,0.004530,-0.115645,-0.146021,-13.197850,-4.799218,6.148998
50293,5.683835,-8.537724,-1.687912,0.020917,-0.031443,-0.048496,-14.847581,-5.849047,5.999022
50347,5.360618,-8.391677,-1.833959,0.054225,0.026513,-0.094461,-14.697606,-4.049340,4.649242
50401,5.221754,-8.209718,-1.723825,0.010925,0.061686,0.038904,-14.547630,-4.649242,6.298974
50456,4.963180,-8.429984,-1.630451,-0.053026,0.035972,0.009060,-15.447483,-4.499267,6.448949
50510,5.336676,-8.614338,-1.704672,-0.034240,-0.000266,-0.048629,-14.697606,-4.499267,7.198827
50564,5.331887,-8.662222,-1.711854,-0.038904,-0.009326,-0.059688,-14.547630,-5.099169,5.549096
50618,5.437232,-8.573636,-1.728614,0.008127,-0.048496,-0.043300,-14.847581,-4.199316,5.999022
50672,5.422867,-8.295909,-1.855506,-0.001466,-0.037838,-0.201446,-15.147532,-4.799218,4.949194
50726,5.923255,-8.329428,-1.807622,-0.001599,0.033974,-0.246078,-14.397655,-6.448949,5.699071
50780,5.489904,-8.202535,-1.759738,0.040902,0.017986,-0.148819,-17.097216,-4.049340,5.399120
50834,5.506664,-8.085219,-1.599327,0.014922,0.009992,-0.029044,-16.797264,-3.899365,7.048851
50888,4.687847,-8.109161,-1.563414,-0.028778,-0.006395,-0.150818,-14.547630,-2.849536,4.649242
50942,5.779603,-8.116343,-1.759738,-0.022649,-0.000400,-0.133364,-16.047386,-3.449438,6.298974
50996,5.729325,-8.061277,-1.821988,-0.047564,0.018652,-0.164541,-17.097216,-2.549585,5.399120
51050,5.683835,-8.157045,-1.747767,-0.024381,0.017986,-0.094061,-16.197361,-2.549585,6.448949
51104,5.755661,-7.965509,-1.745373,-0.058622,0.012790,-0.121507,-16.797264,-2.249634,5.549096
51158,5.980716,-8.010999,-1.841141,-0.050894,0.020917,-0.194251,-17.397165,-0.899853,6.148998
51212,5.971139,-7.833828,-1.759738,-0.035440,0.063951,-0.369850,-16.197361,-1.349780,7.648754
51266,5.796362,-7.984663,-1.735796,-0.044499,0.067815,-0.207441,-17.847092,-0.449927,6.148998
51320,5.999869,-8.087613,-1.754950,-0.007994,0.034907,-0.110182,-18.896921,0.149976,6.448949
51374,6.239290,-7.867347,-1.766921,0.019851,0.016521,-0.087799,-17.997068,-1.499756,5.249145
51429,6.361394,-7.723695,-1.752556,-0.002265,0.028378,-0.048230,-18.147043,-0.449927,6.898876
51483,6.296751,-7.939173,-1.340753,0.003331,0.065150,-0.043300,-18.147043,-0.449927,5.699071
51537,6.052542,-6.500257,-1.034295,-0.269527,0.863871,-1.716018,-19.196873,1.049829,7.498778
51590,7.201759,-6.873753,-1.742979,-0.686008,0.501083,-1.417447,-22.646311,2.699560,7.798729
51644,7.635109,-5.245696,-1.980005,-1.223462,0.776871,-1.796224,-26.095749,8.548608,7.798729
51699,7.319075,-5.190629,-1.422156,-1.532559,0.503614,-1.509377,-26.845627,12.597948,7.498778
51753,8.781932,-3.924097,-2.193089,-1.785432,0.407821,-1.129668,-28.795309,16.497313,7.498778
51807,9.493010,-3.845088,-2.509123,-2.777205,0.850548,-1.659129,-28.795309,21.596481,8.548608
51861,8.640674,-4.170700,-2.782062,-3.097493,0.638444,-1.423975,-29.095261,29.395212,10.798241
51915,9.722853,-2.894590,-3.203442,-3.200614,0.636312,-1.249043,-27.445528,35.544209,12.897899
51969,8.944737,-2.545036,-2.724602,-3.138262,0.674816,-0.703861,-30.295065,40.943329,14.997557
52023,9.710882,-1.321599,-2.662352,-2.995305,0.729175,-0.281518,-28.795309,41.693207,18.297020
52077,11.413159,-1.331176,-2.509123,-2.821704,0.897446,-0.516005,-29.095261,44.092815,23.996090
52131,8.090008,-1.714248,-0.981623,-1.902542,0.703994,-0.561969,-28.945284,44.992672,29.395212
52185,8.288726,0.067038,-0.873884,-1.003498,0.156280,-0.014522,-26.995602,45.442596,30.894966
52239,9.686940,1.041478,-0.675165,-0.794591,0.180928,0.342404,-27.745480,44.992672,31.194918
52293,8.848969,0.806846,-0.505177,-0.845752,0.333744,0.095793,-27.445528,44.992672,31.944796
52347,8.956709,0.490811,0.423774,-0.854945,0.132032,0.167072,-29.395212,43.792866,32.394722
52401,10.036493,0.893037,0.833182,-0.813776,0.339340,0.109116,-28.045431,42.893013,32.994625
52455,10.194510,0.670376,1.910573,-0.670553,0.499351,0.281917,-28.945284,43.042988,35.394234
52509,9.097966,0.155623,1.522712,-0.374247,0.611798,0.400626,-27.745480,41.093307,35.394234
52563,9.469068,0.895431,2.068590,-0.052893,0.365320,0.295107,-28.945284,40.643379,36.893990
52616,9.892841,0.881066,2.468422,0.130034,0.261266,0.207974,-28.795309,39.743526,38.543720
52670,9.926360,0.316035,2.683900,0.426340,0.282317,0.124704,-27.745480,40.343430,37.193939
52725,9.864111,0.543484,2.389413,0.427139,0.106052,0.197182,-26.995602,39.443573,36.444061
52779,10.319010,0.222661,2.339135,0.105519,0.187856,-0.023715,-28.195406,39.893501,36.893990
52833,6.303933,-2.288857,9.198523,0.041568,-0.118043,-0.033441,-26.845627,41.243282,36.294086
52887,9.284714,-0.229843,3.126827,0.449922,-0.326283,0.351864,-28.345383,40.043476,35.244259
52941,9.054871,-0.790087,2.659958,0.623789,-0.600074,0.442994,-27.745480,39.893501,34.944309
52996,7.750031,-0.337582,4.046201,-0.076342,-0.185191,-0.653766,-28.795309,40.943329,34.044453
53049,8.429984,-0.885855,0.325611,0.147354,-0.761816,-1.264764,-28.345383,43.192963,32.244747
53103,8.932767,0.687136,2.312799,0.077274,-0.558772,1.373214,-28.495358,42.293110,30.445040
53157,6.268020,-2.305616,-0.083797,0.170136,-0.409686,-0.143890,-28.495358,41.843182,30.145090
53211,16.268600,-0.778116,0.529119,0.094061,-0.291643,-1.337375,-28.345383,41.993160,28.795309
53266,15.768212,1.304840,-1.060631,0.147620,-0.112714,0.128035,-27.145578,44.092815,28.045431
53320,3.574543,-1.388637,-0.483629,0.339207,0.360657,-0.297905,-26.695652,44.992672,28.945284
53374,16.898275,0.107739,-0.023942,0.564767,-0.368917,1.220931,-28.945284,44.542744,27.145578
53427,13.539210,4.659117,-1.197101,-0.317357,-0.178930,-0.662426,-27.595505,41.993160,26.995602
53481,12.009315,3.299210,-2.978387,-0.481231,-0.726510,0.672018,-27.745480,44.992672,26.695652
53535,-1.316811,1.130063,0.342371,-0.971922,-0.526530,-0.607002,-26.395700,44.392769,26.995602
53589,7.189788,0.828394,-3.550601,-0.255138,-0.312694,-0.912234,-28.345383,44.842693,27.295553
53643,9.402030,-3.732560,-1.065420,-0.113913,-0.142424,0.122040,-27.445528,43.792866,26.695652
53697,10.010158,0.301669,-0.320823,-0.282184,-0.002665,0.139760,-27.745480,44.542744,25.945774
53751,10.407595,3.955221,1.465251,-0.153482,0.069946,-0.067681,-28.045431,45.142647,28.495358
53805,10.311827,0.703895,-0.459687,-0.019052,-0.005995,0.238351,-27.745480,44.542744,28.195406
53859,9.770737,0.790087,-0.603339,-0.017187,0.007061,-0.041302,-27.145578,44.392769,26.545675
53913,9.732430,0.596156,-0.392649,-0.028245,0.007461,0.006795,-27.595505,44.392769,24.745968
53967,9.811439,0.308852,-0.313640,-0.066083,0.009992,0.057822,-28.945284,44.992672,25.945774
54021,9.890448,0.696713,-0.486023,-0.017986,0.007594,-0.005329,-28.345383,45.142647,27.295553
54076,9.763555,0.756568,-0.464475,-0.011058,0.003198,0.002665,-28.495358,45.442596,27.895456
54130,9.758766,0.706290,-0.471658,-0.017453,0.005329,0.001998,-27.595505,44.392769,28.045431
54184,9.739613,0.677559,-0.450110,-0.017320,0.005862,0.005329,-27.745480,43.792866,27.445528
54238,9.737218,0.737414,-0.440533,-0.011991,0.007194,0.001199,-27.145578,44.092815,26.245724
54292,9.765948,0.653617,-0.505177,-0.009326,0.003064,0.002132,-27.595505,43.192963,26.995602
54346,9.751583,0.723049,-0.486023,-0.012657,0.006928,0.006528,-27.145578,44.842693,26.995602
54400,9.722853,0.749385,-0.469264,-0.013057,0.003864,0.003997,-26.245724,44.992672,26.695652
54453,9.749189,0.799663,-0.454898,-0.010126,0.004930,0.005596,-26.395700,43.642891,27.745480
54508,9.794679,0.723049,-0.462081,-0.010792,0.007194,0.007061,-28.495358,44.242794,28.945284
54562,9.734824,0.758962,-0.478840,-0.011458,0.007061,-0.001066,-28.195406,44.542744,27.145578
54616,9.818622,0.749385,-0.507571,-0.009859,0.006262,0.008793,-27.745480,43.792866,27.145578
54670,9.782708,0.706290,-0.495600,-0.012657,0.003331,0.002265,-28.945284,44.542744,27.895456
54724,9.765948,0.694318,-0.438139,-0.013989,0.004397,0.002132,-27.745480,44.242794,26.395700
54778,9.753978,0.782904,-0.514753,-0.011325,0.005329,0.005196,-27.745480,44.992672,27.445528
54832,9.806650,0.715866,-0.486023,-0.012790,0.005329,0.006395,-26.845627,44.092815,26.545675
54886,9.780313,0.766145,-0.481235,-0.012124,0.001066,-0.001066,-27.445528,44.242794,27.445528
54940,9.746795,0.732626,-0.442927,-0.010392,0.002398,0.004930,-27.595505,44.392769,26.545675
54995,9.753978,0.720655,-0.509965,-0.016521,0.003997,0.010658,-27.445528,44.992672,27.145578
55048,9.730036,0.780510,-0.505177,-0.013456,0.005862,0.007461,-26.395700,44.092815,28.495358
55102,9.787497,0.713472,-0.471658,-0.011991,0.006262,0.000266,-26.995602,43.492916,27.445528
55154,9.777920,0.768539,-0.517148,-0.015588,0.009193,0.003464,-27.595505,45.142647,26.245724
55207,9.787497,0.754174,-0.474052,-0.007594,0.006262,-0.004397,-26.695652,44.242794,26.695652
55260,9.777920,0.785298,-0.507571,-0.016254,0.008127,-0.001599,-26.845627,44.842693,26.995602
55312,9.787497,0.761356,-0.466869,-0.012391,0.007194,0.009726,-27.595505,44.092815,27.295553
55365,9.751583,0.739808,-0.495600,-0.013989,-0.000133,0.007328,-26.695652,44.542744,27.895456
55418,9.770737,0.766145,-0.488417,-0.012257,0.006795,0.002132,-29.095261,44.392769,26.545675
55470,9.773131,0.703895,-0.442927,-0.014256,0.003730,0.003997,-27.445528,45.442596,26.695652
55523,9.799467,0.715866,-0.471658,-0.007194,0.002531,0.002931,-28.345383,46.792377,28.045431
55575,9.789890,0.780510,-0.440533,-0.014256,0.004930,0.003997,-27.445528,44.542744,26.395700
55628,9.775525,0.778116,-0.512359,-0.009593,0.002798,0.009992,-27.595505,45.142647,27.745480
55681,9.734824,0.739808,-0.483629,-0.012524,0.001865,0.011591,-26.695652,46.192474,27.145578
55733,9.732430,0.715866,-0.466869,-0.017453,0.007461,0.005729,-28.495358,45.442596,27.895456
55786,9.878476,0.768539,-0.474052,-0.013856,0.005596,0.007861,-28.945284,44.542744,27.895456
55840,9.818622,0.703895,-0.497994,-0.016654,0.003997,0.001998,-28.495358,44.992672,27.895456
55894,9.758766,0.746991,-0.519542,-0.010658,0.006528,0.004130,-28.945284,46.642403,26.695652
55948,9.751583,0.742203,-0.493206,-0.013057,0.003464,0.004663,-28.495358,45.442596,26.395700
56002,9.777920,0.720655,-0.483629,-0.012391,0.005196,0.011458,-28.945284,45.442596,27.145578
56056,9.749189,0.744597,-0.526724,-0.011058,0.002132,0.005995,-27.595505,46.042500,26.995602
56110,9.751583,0.758962,-0.495600,-0.011724,0.007594,0.007994,-28.345383,46.042500,26.995602
56164,9.763555,0.761356,-0.471658,-0.012391,0.004663,0.000000,-28.495358,46.192474,27.145578
56218,9.770737,0.720655,-0.464475,-0.009726,0.003198,0.006795,-28.495358,45.442596,27.895456
56272,9.787497,0.770933,-0.493206,-0.012524,0.003464,0.001732,-28.495358,44.992672,27.895456
56326,9.734824,0.739808,-0.490811,-0.009459,0.003997,0.006795,-27.745480,46.192474,28.195406
56380,9.770737,0.713472,-0.433351,-0.017986,0.002798,0.004796,-28.495358,45.742550,28.195406
56434,9.730036,0.715866,-0.519542,-0.013723,0.002398,0.007194,-28.795309,45.592571,26.995602
56488,9.739613,0.706290,-0.471658,-0.011458,0.008793,0.002132,-28.345383,44.092815,26.995602
56542,9.768343,0.732626,-0.509965,-0.017720,0.007328,-0.002798,-28.345383,46.042500,28.045431
56595,9.746795,0.775721,-0.471658,-0.017720,0.007461,0.000933,-28.345383,47.242306,27.295553
56649,9.806650,0.778116,-0.500388,-0.009992,0.008793,0.003997,-28.495358,44.992672,26.395700
56703,9.801862,0.758962,-0.459687,-0.014389,0.009060,0.002798,-28.495358,44.992672,27.445528
56757,9.818622,0.754174,-0.495600,-0.008127,0.001732,0.000133,-28.795309,46.042500,27.745480
56811,9.758766,0.737414,-0.490811,-0.015455,0.007461,0.006795,-26.995602,45.442596,27.445528
56865,9.777920,0.780510,-0.471658,-0.014655,0.004930,0.001199,-28.495358,45.442596,27.445528
56919,9.742006,0.715866,-0.471658,-0.014789,0.003464,0.001332,-28.195406,44.992672,26.695652
56973,9.792285,0.735020,-0.521936,-0.016787,0.006395,0.001199,-27.145578,46.042500,26.545675
57026,9.715671,0.703895,-0.476446,-0.013323,0.004397,0.006662,-27.445528,44.992672,27.445528
57080,9.804255,0.758962,-0.471658,-0.013057,0.004930,0.007194,-25.495846,44.542744,27.445528
57135,9.751583,0.744597,-0.502782,-0.008260,0.007194,0.005995,-27.445528,44.242794,27.145578
57188,9.761160,0.787692,-0.531513,-0.013989,-0.000933,0.005729,-28.045431,45.142647,27.745480
57242,9.720459,0.758962,-0.493206,-0.014256,0.009593,0.000266,-28.795309,44.842693,27.745480
57296,9.768343,0.742203,-0.557849,-0.016254,0.005596,0.005729,-26.395700,44.092815,28.495358
57350,9.739613,0.782904,-0.454898,-0.009593,0.006262,0.004663,-28.945284,44.242794,28.195406
57404,9.856929,0.732626,-0.457293,-0.014389,0.004263,0.005063,-27.595505,45.142647,28.045431
57458,9.816227,0.775721,-0.495600,-0.016521,0.007727,0.002398,-29.095261,45.142647,27.295553
57512,9.892841,0.723049,-0.438139,-0.013989,0.005729,0.007194,-28.045431,45.592571,27.295553
57566,9.821015,0.768539,-0.462081,-0.013456,0.003864,0.006395,-29.095261,44.092815,26.995602
57621,9.794679,0.715866,-0.476446,-0.013456,0.005596,0.005596,-27.445528,43.792866,25.945774
57675,9.708488,0.730232,-0.478840,-0.013989,0.005596,0.001066,-28.195406,44.992672,27.145578
57729,9.811439,0.725443,-0.486023,-0.011724,0.005063,0.006129,-28.045431,43.642891,26.245724
57783,9.835381,0.718261,-0.433351,-0.012657,0.005596,0.007727,-25.045919,44.542744,26.695652
57837,9.737218,0.744597,-0.478840,-0.015588,0.008260,0.004397,-27.445528,43.792866,28.195406
57891,9.823410,0.775721,-0.507571,-0.015055,0.005596,0.002531,-27.445528,44.992672,27.895456
57945,9.809045,0.732626,-0.478840,-0.010925,0.006129,0.004930,-26.695652,44.242794,27.895456
57999,9.758766,0.787692,-0.466869,-0.011991,0.005196,0.004130,-27.445528,44.992672,27.445528
58053,9.710882,0.756568,-0.452504,-0.011858,0.003597,0.003597,-26.845627,44.392769,26.995602
58107,9.809045,0.744597,-0.531513,-0.014789,0.007328,0.001466,-28.045431,46.042500,28.045431
58161,9.832987,0.787692,-0.514753,-0.011858,0.005596,0.005862,-26.995602,44.542744,27.145578
58215,9.866506,0.778116,-0.469264,-0.006262,0.006928,0.000000,-28.345383,45.592571,27.295553
58269,9.751583,0.718261,-0.474052,-0.006662,0.001466,0.002265,-27.595505,45.142647,29.245235
58323,9.770737,0.730232,-0.483629,-0.013989,0.008127,-0.001332,-27.445528,44.242794,28.195406
58378,9.770737,0.739808,-0.469264,-0.013856,0.005862,0.005995,-26.695652,45.442596,26.695652
58432,9.782708,0.677559,-0.469264,-0.013190,0.005063,-0.000400,-27.445528,44.992672,27.895456
58486,9.777920,0.739808,-0.462081,-0.009992,0.003730,0.004530,-27.595505,42.893013,28.795309
58540,9.785102,0.821211,-0.486023,-0.018386,-0.000266,0.008527,-26.395700,43.642891,27.295553
58594,9.806650,0.701501,-0.450110,-0.017320,0.001732,0.005462,-28.345383,44.392769,26.545675
58648,9.399636,0.735020,-0.469264,-0.013057,0.010658,-0.005063,-28.045431,44.392769,26.245724
58702,9.840169,0.782904,-0.514753,-0.017320,0.002798,0.001732,-28.495358,44.242794,27.445528
58756,9.758766,0.751779,-0.507571,-0.015188,0.005329,0.001466,-26.995602,44.992672,28.645334
